"codigo","seleccion","jugador","nombre_completo","falta_fecha_nacimiento","falta_edad","falta_estatura","falta_club","falta_posicion","fecha_nacimiento_actual","edad_actual","estatura_actual","club_actual","posicion_actual"
"ALG 2","Argelia","Oussama Benbot","Oussama Benbot","true","true","true","false","false","","","","USM Alger","Arquero"
"ALG 3","Argelia","Melvin Mastil","Melvin Mastil","true","true","true","false","false","","","","KVC Westerlo","Arquero"
"ALG 4","Argelia","Abdelatif Ramdane","Abdelatif Ramdane","true","true","true","false","false","","","","MC Alger","Arquero"
"ALG 5","Argelia","Rafik Belghali","Rafik Belghali","true","true","true","false","false","","","","KV Mechelen","Defensa"
"ALG 6","Argelia","Samir Chergui","Samir Chergui","true","true","true","false","false","","","","USM Alger","Defensa"
"ALG 11","Argelia","Zineddine Belaïd","Zineddine Belaïd","true","true","true","false","false","","","","Saint-Trond VV","Defensa"
"ALG 12","Argelia","Achref Abada","Achref Abada","true","true","true","false","false","","","","MC Alger","Defensa"
"ALG 13","Argelia","Mohamed Amine Tougaï","Mohamed Amine Tougai","false","false","true","false","false","2000-01-22","26","","Espérance de Tunis","Defensa"
"ALG 19","Argelia","Yacine Titraoui","Yacine Titraoui","true","true","true","false","false","","","","Charleroi SC","Mediocampista"
"ALG 22","Argelia","Nadhir Benbouali","Nadhir Benbouali","true","true","true","false","false","","","","Charleroi SC","Delantero"
"ALG 23","Argelia","Adil Boulbina","Adil Boulbina","true","true","true","false","false","","","","Paradou AC","Delantero"
"ALG 24","Argelia","Farès Ghedjemis","Farès Ghedjemis","true","true","true","false","false","","","","FC Vizela","Delantero"
"ARG 12","Argentina","Enzo Fernández","Enzo Fernandez","true","true","true","false","false","","","","Chelsea","Mediocampista"
"ARG 17","Argentina","Valentín Barco","Valentín Barco","true","true","true","false","false","","","","Estrasburgo","Mediocampista"
"ARG 18","Argentina","Giovani Lo Celso","Giovani Lo Celso","true","true","true","false","false","","","","Real Betis","Mediocampista"
"ARG 20","Argentina","Julián Álvarez","Julián Álvarez Escudero","false","false","true","false","false","2000-01-01","26","","Atlético Madrid","Delantero"
"ARG 21","Argentina","Lautaro Martínez","Lautaro Martinez","true","true","true","false","false","","","","Inter","Delantero"
"ARG 22","Argentina","José Manuel López","José Manuel López","true","true","true","false","false","","","","Palmeiras","Delantero"
"ARG 23","Argentina","Nico González","Nico Gonzalez","true","true","true","false","false","","","","Atlético Madrid","Delantero"
"ARG 24","Argentina","Thiago Almada","Thiago Almada","true","true","true","false","false","","","","Atlético Madrid","Delantero"
"AUS 1","Australia","Matthew Ryan","Matthew Ryan","true","true","true","false","false","","","","Levante","Arquero"
"AUS 2","Australia","Patrick Beach","Patrick Beach","true","true","true","false","false","","","","Melbourne City","Arquero"
"AUS 3","Australia","Paul Izzo","Paul Izzo","true","true","true","false","false","","","","Randers","Arquero"
"AUS 10","Australia","Jason Geria","Jason Geria","true","true","true","false","false","","","","Albirex Niigata","Defensa"
"AUS 11","Australia","Lucas Herrington","Lucas Herrington","true","true","true","false","false","","","","Colorado Rapids","Defensa"
"AUS 12","Australia","Kai Trewin","Kai Trewin","true","true","true","false","false","","","","New York City","Defensa"
"AUS 13","Australia","Jacob Italiano","Jacob Italiano","true","true","true","false","false","","","","Grazer AK 1902","Defensa"
"AUS 15","Australia","Paul Okon-Engstler","Paul Okon-Engstler","true","true","true","false","false","","","","Sydney FC","Mediocampista"
"AUS 16","Australia","Cameron Devlin","Cameron Devlin","true","true","true","false","false","","","","Hearts","Mediocampista"
"AUS 17","Australia","Ajdin Hrustic","Ajdin Hrustic","true","true","true","false","false","","","","Heracles","Mediocampista"
"AUS 20","Australia","Mathew Leckie","Mathew Leckie","true","true","true","false","false","","","","Melbourne City","Delantero"
"AUS 21","Australia","Nishan Velupillay","Nishan Velupillay","true","true","true","false","false","","","","Melbourne City","Delantero"
"AUS 22","Australia","Nestoy Irakunda","Nestoy Irakunda","true","true","true","false","false","","","","Watford","Delantero"
"AUS 23","Australia","Awer Mabil","Awer Mabil","true","true","true","false","false","","","","Castellón","Delantero"
"AUS 25","Australia","Cristian Volpato","Cristian Volpato","true","true","true","false","false","","","","Sassuolo","Delantero"
"AUS 26","Australia","Tete Yengi","Tete Yengi","true","true","true","false","false","","","","Machida Zelvia","Delantero"
"AUT 3","Austria","Florian Wiegele","Florian Wiegele","false","false","true","false","false","2001-03-21","25","","Viktoria Pilsen","Arquero"
"AUT 18","Austria","Xavier Schlager","Xavier Schlager","true","true","true","false","false","","","","Red Bull Leipzig","Mediocampista"
"AUT 19","Austria","Romano Schimid","Romano Schimid","true","true","true","false","false","","","","Werder Bremen","Mediocampista"
"AUT 20","Austria","Alessandro Schöph","Alessandro Schöph","true","true","true","false","false","","","","RZ Pellets","Mediocampista"
"BEL 2","Belgica","Senne Lammens","Senne Lammens","true","true","true","false","false","","","","Manchester United","Arquero"
"BEL 3","Belgica","Mike Penders","Mike Penders","true","true","true","false","false","","","","Estrasburgo","Arquero"
"BEL 9","Belgica","Thomas Meunir","Thomas Meunir","true","true","true","false","false","","","","Lille","Defensa"
"BIH 11","Bosnia y Herzegovina","Nidal Celik","Nidal Čelik","false","false","true","false","false","2006-07-17","19","","Lens","Defensa"
"BRA 3","Brasil","Weverton","Weverton","false","false","true","false","false","1993-08-25","32","","Grêmio","Arquero"
"BRA 6","Brasil","Bremer","Bremer","true","true","true","false","false","","","","Juventus","Defensa"
"BRA 7","Brasil","Ibáñez","Ibáñez","true","true","true","false","false","","","","Al Ahli","Defensa"
"CAN 1","Canada","Maxime Crépau","Maxime Crépau","true","true","true","false","false","","","","Orlando City","Arquero"
"CAN 2","Canada","Owen Goodman","Owen Goodman","true","true","true","false","false","","","","Barnsley","Arquero"
"CAN 3","Canada","Dayne St. Clair","Dayne St.Clair","true","true","true","false","false","","","","Inter Miami","Arquero"
"CAN 7","Canada","Luc de Fougerolles","Luc de Fougerolles","true","true","true","false","false","","","","Fulham","Defensa"
"CAN 9","Canada","Alfie Jones","Alfie Jones","true","true","true","false","false","","","","Middlesbrough","Defensa"
"CAN 10","Canada","Richie Laryea","Richie Laryea","true","true","true","false","false","","","","Toronto","Defensa"
"CAN 12","Canada","Joel Waterman","Joel Waterman","true","true","true","false","false","","","","Chicago Fire","Defensa"
"CAN 13","Canada","Ali Ahmed","Ali Ahmed","true","true","true","false","false","","","","Norwich","Mediocampista"
"CAN 15","Canada","Mathieu Chounière","Mathieu Chounière","true","true","true","false","false","","","","LAFC","Mediocampista"
"CAN 17","Canada","Marcelo Flores","Marcelo Flores","true","true","true","false","false","","","","lesionado/Tigres","Mediocampista"
"CAN 21","Canada","Nathan Saliba","Nathan Saliba","true","true","true","false","false","","","","Anderlecht","Mediocampista"
"CAN 24","Canada","Promise David","Promise David","true","true","true","false","false","","","","Unión Saint-Gilloise","Delantero"
"CAN 26","Canada","Tani Oluwaseyi","Tani Oluwaseyi","true","true","true","false","false","","","","Villarreal","Delantero"
"CIV 2","Costa de Marfil","Mohamed Kone","Mohamed Koné","false","false","true","false","false","2003-08-21","22","","Charleroi","Arquero"
"CIV 10","Costa de Marfil","Evan N’Dicka","Evan N’Dicka","true","true","true","false","false","","","","Roma","Defensa"
"COD 3","Republica Democratica del Congo","Mattieu Epolo","Mattieu Epolo","true","true","true","false","false","","","","Standard Lieja","Arquero"
"COD 5","Republica Democratica del Congo","Gedeon Kalulu","Gedeon Kalulu","true","true","true","false","false","","","","Aris","Defensa"
"COD 11","Republica Democratica del Congo","Arthur Masuku","Arthur Masuku","true","true","true","false","false","","","","Lens","Defensa"
"COD 26","Republica Democratica del Congo","Meschack Elia","Meschack Elia","true","true","true","false","false","","","","Alanyaspor","Delantero"
"COL 1","Colombia","Álvaro Montero","Álvaro Montero","false","false","true","false","false","1989-11-05","36","","Vélez Sarsfield","Arquero"
"COL 12","Colombia","Gustavo Puerta","Gustavo Puerta","true","true","true","false","false","","","","Racing de Santander","Mediocampista"
"COL 21","Colombia","Juan Portilla","Juan Portilla","true","true","true","false","false","","","","Paranaense","Mediocampista"
"COL 25","Colombia","Carlos Gómez","Carlos Gómez","true","true","true","false","false","","","","Vasco da Gama","Delantero"
"CPV 2","Cabo Verde","Márcio da Rosa","Márcio da Rosa","true","true","true","false","false","","","","Montana","Arquero"
"CPV 3","Cabo Verde","Carlos Santos","Carlos Santos","true","true","true","false","false","","","","San Diego","Arquero"
"CPV 6","Cabo Verde","João Paulo Fernandes","Joao Paulo","false","false","true","false","false","1997-07-04","28","","FCSB","Defensa"
"CPV 11","Cabo Verde","Ianique Tavares","Ianique Tavares","true","true","true","false","false","","","","Torreense","Defensa"
"CRO 1","Croacia","Dominic Livakovic","Dominic Livakovic","true","true","true","false","false","","","","Dinamo","Arquero"
"CRO 2","Croacia","Dominik Kotarski","Dominik Kotarski","true","true","true","false","false","","","","Kabenhavn","Arquero"
"CRO 3","Croacia","Ivor Pandur","Ivor Pandur","true","true","true","false","false","","","","Hull City","Arquero"
"CRO 6","Croacia","Josip Sutalo","Josip Sutalo","true","true","true","false","false","","","","Ajax","Defensa"
"CRO 25","Croacia","Petar Musa","Petar Musa","true","true","true","false","false","","","","Dallas","Delantero"
"CRO 26","Croacia","Igor Matanovic","Igor Matanovic","true","true","true","false","false","","","","Friburgo","Delantero"
"CUW 4","Curazao","Riechedly Bazoer","Riechedly Bazoer","true","true","true","false","false","","","","Konyaspor","Defensa"
"CUW 16","Curazao","Arjany Martha","Arjany Martha","true","true","true","false","false","","","","Rotherham","Mediocampista"
"CZE 6","Republica Checa","Stepan Chaloupek","Stepan Chaloupek","true","true","true","false","false","","","","Slavia Praga","Defensa"
"CZE 7","Republica Checa","David Zima 8Slavia Praga)","David Zima","false","false","false","true","false","2000-11-08","25","1.90 m","","Defensa"
"CZE 12","Republica Checa","Tomas Soucek","Tomas Soucek","true","true","true","false","false","","","","West Ham","Mediocampista"
"CZE 15","Republica Checa","Hugo Sochurek","Hugo Sochůrek","false","false","true","false","false","2008-06-07","18","","Sparta Praga","Mediocampista"
"CZE 16","Republica Checa","Alexander Sojka","Alexander Sojka","true","true","true","false","false","","","","Viktoria Plzen","Mediocampista"
"CZE 20","Republica Checa","Denis Visinsky","Denis Visinsky","true","true","true","false","false","","","","Viktoria Plzen","Mediocampista"
"CZE 21","Republica Checa","Patrick Schick","Patrick Schick","true","true","true","false","false","","","","Bayer Leverkusen","Delantero"
"CZE 23","Republica Checa","Adam Hlozek","Adam Hlozek","true","true","true","false","false","","","","Hoffenheim","Delantero"
"CZE 25","Republica Checa","Jan Kuchta","Jan Kuchta","true","true","true","false","false","","","","Sparta Praga","Delantero"
"CZE 26","Republica Checa","Tomas Chory","Tomas Chory","true","true","true","false","false","","","","Slavia Praga","Delantero"
"ECU 2","Ecuador","Moisés Ramírez","Moisés Ramírez","true","true","true","false","false","","","","AE Kifisias","Arquero"
"ECU 7","Ecuador","Jackson Porozo","Jackson Porozo","true","true","true","false","false","","","","Club Tijuana","Defensa"
"ECU 8","Ecuador","Félix Torres","Félix Torres","true","true","true","false","false","","","","Internacional","Defensa"
"ECU 10","Ecuador","Yaimar Medina","Yaimar Medina","true","true","true","false","false","","","","KRC Genk","Defensa"
"ECU 13","Ecuador","Jordi Alcívar","Jordi Alcívar","true","true","true","false","false","","","","Independiente del Valle","Mediocampista"
"ECU 14","Ecuador","Denil Castillo","Denil Castillo","true","true","true","false","false","","","","Midtjylland","Mediocampista"
"ECU 19","Ecuador","John Yeboah","John Yeboah","true","true","true","false","false","","","","Venezia","Delantero"
"ECU 21","Ecuador","Jordy Caicedo","Jordy Caicedo","true","true","true","false","false","","","","Huracán","Delantero"
"ECU 22","Ecuador","Jeremy Arévalo","Jeremy Arévalo","true","true","true","false","false","","","","Stuttgart","Delantero"
"ECU 23","Ecuador","Anthony Valencia","Anthony Valencia","true","true","true","false","false","","","","Royal Antwerp","Delantero"
"ECU 24","Ecuador","Kevin Rodríguez","Kevin Rodriguez","false","false","true","false","false","1996-09-25","29","","Unión Saint-Gilloise","Mediocampista"
"EGY 1","Egipto","Mohamed El Shenawy","Mohamed El Shenawy","true","true","true","false","false","","","","Al-Ahly SC","Arquero"
"EGY 3","Egipto","Al-Mahdy Soliman","Al-Mahdy Soliman","false","false","true","false","false","1986-11-30","39","","Al-Ittihad Alexandria","Arquero"
"EGY 4","Egipto","Mohamed Alaa","Mohamed Alaa","true","true","true","false","false","","","","ZED FC","Arquero"
"EGY 6","Egipto","Tarek El Ala","Tarek Alaa","false","false","true","false","false","2002-01-05","24","","Al-Nasr","Defensa"
"EGY 7","Egipto","Hamdi Fathy","Hamdi Fathy","true","true","true","false","false","","","","Al-Wakrah SC","Defensa"
"EGY 10","Egipto","Hossam Abdel-Maguid","Hossam Abdel-Maguid","true","true","true","false","false","","","","Zamalek SC","Defensa"
"EGY 11","Egipto","Mohamed Abdelmonem","Mohamed Abdelmonem","true","true","true","false","false","","","","OGC Niza","Defensa"
"EGY 12","Egipto","Ahmed Fotouh","Ahmed Fotouh","true","true","true","false","false","","","","Zamalek SC","Defensa"
"EGY 15","Egipto","Mohand Lashin","Mohand Lashin","true","true","true","false","false","","","","Pyramids FC","Mediocampista"
"EGY 16","Egipto","Nabil Emad Dunga","Nabil Emad Dunga","true","true","true","false","false","","","","Zamalek SC","Mediocampista"
"EGY 19","Egipto","Imam Ashour","Imam Ashour","true","true","true","false","false","","","","Al-Ahly SC","Mediocampista"
"EGY 20","Egipto","Mostafa Abdel-Raouf Ziko","Mostafa Abdel-Raouf Ziko","true","true","true","false","false","","","","ZED FC","Mediocampista"
"EGY 22","Egipto","Ibrahim Ade (Pyramids FC)l","Ibrahim Ade (Pyramids FC)l","true","true","true","true","false","","","","","Mediocampista"
"EGY 23","Egipto","Haithem Hassan","Haithem Hassan","true","true","true","false","false","","","","Real Oviedo","Mediocampista"
"EGY 26","Egipto","Aktai Abdullah","Aktai Abdullah","true","true","true","false","false","","","","ZED FC","Delantero"
"EGY 27","Egipto","Hamza Abdelkarim","Hamza Abdelkarim","true","true","true","false","false","","","","FC Barcelona Atlètic/Al Ahly","Delantero"
"ESP 17","Espana","Gavi","Gavi","true","true","true","false","false","","","","FC Barcelona","Mediocampista"
"ESP 24","Espana","Yeremi Pino","Yeremi Pino","true","true","true","false","false","","","","Crystal Palace","Delantero"
"ESP 25","Espana","Victor Muñoz","Víctor Muñoz","true","true","false","false","false","","","1.69 m","Osasuna","Mediocampista"
"GER 5","Alemania","Nathaniel Brown","Nathaniel Brown","true","true","true","false","false","","","","Frankfurt","Defensa"
"GER 13","Alemania","Aleksandar Pavlovic","Aleksandar Pavlovic","true","true","true","false","false","","","","Bayern","Mediocampista"
"GER 15","Alemania","Nadiem Amiri","Nadiem Amiri","true","true","true","false","false","","","","Mainz","Mediocampista"
"GHA 1","Ghana","Benjamin Asare","Benjamin Asare","true","true","true","false","false","","","","Hearts of Oak","Arquero"
"GHA 3","Ghana","Joseph Anang","Joseph Anang","true","true","true","false","false","","","","St. Patrick Athletic","Arquero"
"GHA 4","Ghana","Baba Abdul Rahman","Baba Abdul Rahman","true","true","true","false","false","","","","PAOK","Defensa"
"GHA 6","Ghana","Marvin Senaya","Marvin Senaya","true","true","true","false","false","","","","Auxerre","Defensa"
"GHA 8","Ghana","Abdul Mumin","Abdul Mumin","true","true","true","false","false","","","","Rayo Vallecano","Defensa"
"GHA 9","Ghana","Jerome Opoku","Jerome Opoku","true","true","true","false","false","","","","Estambul Basaksehir","Defensa"
"GHA 10","Ghana","Jonas Adjetey","Jonas Adjetey","true","true","true","false","false","","","","Wolsfburgo","Defensa"
"GHA 11","Ghana","Kojo Oppong Peprah","Kojo Oppong Peprah","true","true","true","false","false","","","","Niza","Defensa"
"GHA 12","Ghana","Derrick Luckassen","Derrick Luckassen","true","true","true","false","false","","","","Pafos","Defensa"
"GHA 13","Ghana","Elisha Owusu","Elisha Owusu","true","true","true","false","false","","","","Auxerre","Mediocampista"
"GHA 15","Ghana","Kwasi Sibo","Kwasi Sibo","true","true","true","false","false","","","","Oviedo","Mediocampista"
"GHA 16","Ghana","Augustine Boakye","Augustine Boakye","true","true","true","false","false","","","","Saint-Ettiene","Mediocampista"
"GHA 18","Ghana","Abdul Fatawu Issahaku","Abdul Issahaku Fatawu","true","true","true","false","false","","","","Leicester City","Mediocampista"
"GHA 20","Ghana","Cristopher Bonsu Baah","Cristopher Bonsu Baah","true","true","true","false","false","","","","Al-Qadisiyah","Delantero"
"GHA 21","Ghana","Ernest Nuamah","Ernest Nuamah","true","true","true","false","false","","","","Lyon","Delantero"
"GHA 23","Ghana","Brandon Thomas-Asante","Brandon Thomas-Asante","true","true","true","false","false","","","","Coventry City","Delantero"
"GHA 24","Ghana","Prince Kwabena Adu","Prince Kwabena Adu","true","true","true","false","false","","","","Viktoria Plzen","Delantero"
"HAI 1","Haiti","Johnny Placide","Johnny Placide","true","true","true","false","false","","","","SC Bastia","Arquero"
"HAI 3","Haiti","Josué Duverger","Josué Duverger","false","false","true","false","false","2000-04-27","26","","FC Cosmos Koblenz","Arquero"
"HAI 6","Haiti","Duke Lacroix","Duke Lacroix","false","false","true","false","false","1993-10-14","32","","Colorado Springs","Defensa"
"HAI 8","Haiti","JK Duverne","JK Duverne","true","true","true","false","false","","","","KAA Gent","Defensa"
"HAI 11","Haiti","Keeto Thermoncy","Keeto Thermoncy","false","false","true","false","false","2006-03-29","20","","BSC Young Boys II","Defensa"
"HAI 13","Haiti","Carl-Fred Sainthe","Carl-Fred Sainthe","true","true","true","false","false","","","","El Paso Locomotive FC","Mediocampista"
"HAI 16","Haiti","Pierre Woodenski","Pierre Woodenski","true","true","true","false","false","","","","Violette AC","Mediocampista"
"HAI 17","Haiti","Dominique Simon","Dominique Simon","false","false","true","false","false","2000-07-29","25","","FC Tatran Prešov","Mediocampista"
"HAI 21","Haiti","Derrick Etienne","Derrick Etienne Jr","true","true","true","false","false","","","","Toronto FC","Delantero"
"IRN 1","Iran","Alireza Beyranvand","Alireza Beyranvand","true","true","true","false","false","","","","Tractor FC","Arquero"
"IRN 2","Iran","Hosein Hoseini","Hosein Hoseini","true","true","true","false","false","","","","Sepahan","Arquero"
"IRN 3","Iran","Payam Niazmand","Payam Niazmand","true","true","true","false","false","","","","Persepolis","Arquero"
"IRN 5","Iran","Hosein Kanaani","Hosein Kanaani","true","true","true","false","false","","","","Persepolis","Defensa"
"IRN 6","Iran","Ali Nemati","Ali Nemati","true","true","true","false","false","","","","Foolad FC","Defensa"
"IRN 7","Iran","Danial Eiri","Danial Eiri","true","true","true","false","false","","","","Malavan Bandar Anzali","Defensa"
"IRN 8","Iran","Ehsan Hajisafi","Ehsan Hajisafi","true","true","true","false","false","","","","Sepahan","Defensa"
"IRN 11","Iran","Ramin Rezaeiyan","Ramin Rezaeiyan","true","true","true","false","false","","","","Foolad","Defensa"
"IRN 12","Iran","Saman Ghodoos","Saman Ghodoos","true","true","true","false","false","","","","Kalba","Mediocampista"
"IRN 13","Iran","Saeid Ezatollahi","Saeid Ezatollahi","true","true","true","false","false","","","","Shabab Al-Ahli Club","Mediocampista"
"IRN 15","Iran","Amir Mohammad Razagh Niya","Amir Mohammad Razagh Niya","true","true","true","false","false","","","","Esteghlal","Mediocampista"
"IRN 16","Iran","Mohammad Ghorbani","Mohammad Ghorbani","true","true","true","false","false","","","","Al-Wahda","Mediocampista"
"IRN 17","Iran","Mehdi Ghayedi","Mehdi Ghayedi","true","true","true","false","false","","","","Al-Nasr","Mediocampista"
"IRN 18","Iran","Ariya Yousefi","Ariya Yousefi","true","true","true","false","false","","","","Sepahan","Mediocampista"
"IRN 20","Iran","Mehdi Torabi","Mehdi Torabi","true","true","true","false","false","","","","Tractor FC","Mediocampista"
"IRN 21","Iran","Mohammad Mohebbi","Mohammad Mohebbi","true","true","true","false","false","","","","FK Rostov","Mediocampista"
"IRN 23","Iran","Amirhossein Hosseinzadeh","Amirhossein Hosseinzadeh","true","true","true","false","false","","","","Tractor FC","Delantero"
"IRN 24","Iran","Denis Dargahi","Denis Dargahi","true","true","true","false","false","","","","Standard de Lieja","Delantero"
"IRN 25","Iran","Ali Alipour","Ali Alipour","true","true","true","false","false","","","","Persepolis","Delantero"
"IRN 26","Iran","Shahriyar Moghanloo","Shahriyar Moghanloo","true","true","true","false","false","","","","Kalba","Delantero"
"IRQ 1","Irak","Jalal Hassan","Jalal Hassan","false","false","true","false","false","1991-05-18","35","","Al-Zawraa","Arquero"
"IRQ 2","Irak","Ahmed Basil","Ahmed Basil","true","true","true","false","false","","","","Al-Shorta","Arquero"
"IRQ 3","Irak","Fahad Talib","Fahad Talib","true","true","true","false","false","","","","Al-Talaba","Arquero"
"IRQ 5","Irak","Manaf Younis","Manaf Younis","false","false","true","false","false","1996-12-29","29","","Al-Shorta","Defensa"
"IRQ 8","Irak","Akam Hashem","Akam Hashem","true","true","true","false","false","","","","Al-Zawraa","Defensa"
"IRQ 10","Irak","Ahmed Yahya","Ahmed Yahya","true","true","true","false","false","","","","Al-Shorta","Defensa"
"IRQ 11","Irak","Frans Putros","Frans Putros","true","true","true","false","false","","","","PERSIB Bandung","Defensa"
"IRQ 12","Irak","Mustafa Saadoon","Mustafa Saadoon","true","true","true","false","false","","","","Al-Shorta","Defensa"
"IRQ 13","Irak","Zaid Ismail","Zaid Ismail","true","true","true","false","false","","","","Al-Talaba","Mediocampista"
"IRQ 15","Irak","Kevin Yakob","Kevin Yakob","true","true","true","false","false","","","","Aarhus GF","Mediocampista"
"IRQ 19","Irak","Ibrahim Bayesh","Ibrahim Bayesh","true","true","true","false","false","","","","Al-Dhafra","Mediocampista"
"IRQ 20","Irak","Ahmed Qasem","Ahmed Qasem","true","true","true","false","false","","","","Nashville SC","Delantero"
"IRQ 24","Irak","Ali Yousif","Ali Yousif","true","true","true","false","false","","","","Al-Talaba","Delantero"
"JOR 1","Jordania","Nour Bani Attia","Nour Bani Attia","true","true","true","false","false","","","","Al-Faisaly","Arquero"
"JOR 2","Jordania","Yazeed Abu Laila","Yazeed Abu Laila","true","true","true","false","false","","","","Al-Hussein","Arquero"
"JOR 3","Jordania","Abdullah Al-Fakhoury","Abdullah Al-Fakhoury","true","true","true","false","false","","","","Al-Wehdat","Arquero"
"JOR 4","Jordania","Abdullah Naseeb","Abdullah Naseeb","true","true","true","false","false","","","","Al-Zawraa","Defensa"
"JOR 5","Jordania","Saad Al-Rousan","Saad Al-Rousan","true","true","true","false","false","","","","Al-Hussein","Defensa"
"JOR 6","Jordania","Yazan Al-Arab","Yazan Al-Arab","true","true","true","false","false","","","","FC Seúl","Defensa"
"JOR 7","Jordania","Saleem Obeid","Saleem Obeid","true","true","true","false","false","","","","Al-Hussein","Defensa"
"JOR 8","Jordania","Mohammad Abu Al-Nadi","Mohammad Abu Al-Nadi","true","true","true","false","false","","","","Selangor","Defensa"
"JOR 9","Jordania","Hussam Abu Dahab","Hussam Abu Dahab","true","true","true","false","false","","","","Al-Faisaly","Defensa"
"JOR 11","Jordania","Anas Badawi","Anas Badawi","true","true","true","false","false","","","","Al-Faisaly","Defensa"
"JOR 13","Jordania","Nour Al-Rawabdeh","Nour Al-Rawabdeh","true","true","true","false","false","","","","Selangor","Mediocampista"
"JOR 15","Jordania","Ibrahim Saadeh","Ibrahim Saadeh","true","true","true","false","false","","","","Al-Karma","Mediocampista"
"JOR 16","Jordania","Rajai Ayed","Rajai Ayed","true","true","true","false","false","","","","Al-hussein","Mediocampista"
"JOR 18","Jordania","Muhannad Abu Taha","Muhannad Abu Taha","true","true","true","false","false","","","","Al-Hussein","Mediocampista"
"JOR 19","Jordania","Mohammad Al-Dawood","Mohammad Al-Dawood","true","true","true","false","false","","","","Al-Wehdat","Delantero"
"JOR 20","Jordania","Mahmoud Mardi","Mahmoud Al-Mardi","false","false","true","false","false","1993-10-06","32","","Al-Hussein","Delantero"
"JOR 21","Jordania","Awda Al-Fakhoury","Awda Al-Fakhoury","true","true","true","false","false","","","","Pyramids","Delantero"
"JOR 22","Jordania","Mousa Al-Taamari","Mousa Al-Taamari","true","true","true","false","false","","","","Stade Rennais","Delantero"
"JOR 23","Jordania","Mohammad Abu Zureiq","Mohammad Abu Zureiq","true","true","true","false","false","","","","Raja CA","Delantero"
"JOR 24","Jordania","Ali Azayza","Ali Azayza","true","true","true","false","false","","","","Al-Shabab","Delantero"
"JOR 25","Jordania","Ibrahim Sabra","Ibrahim Sabra","true","true","true","false","false","","","","Lokomotiv Zagreb","Delantero"
"JOR 26","Jordania","Ali Alwan","Ali Alwan","true","true","true","false","false","","","","Al-Sailiya","Delantero"
"JPN 2","Japon","Keisuke Osako","Keisuke Osako","true","true","true","false","false","","","","Sanfrecce Hiroshima","Arquero"
"JPN 3","Japon","Tomoki Hayakawa","Tomoki Hayakawa","true","true","true","false","false","","","","Kashima","Arquero"
"JPN 4","Japon","Yuto Nagamoto","Yuto Nagamoto","true","true","true","false","false","","","","FC Tokyo","Defensa"
"JPN 5","Japon","Shogo Taniguchi","Shogo Taniguchi","true","true","true","false","false","","","","Sint-Truiden","Defensa"
"JPN 6","Japon","Ko Itakura","Ko Itakura","true","true","true","false","false","","","","Ajax","Defensa"
"JPN 7","Japon","Takehiro Tomisayu","Takehiro Tomisayu","true","true","true","false","false","","","","Ajax","Defensa"
"JPN 9","Japon","Yukinari Sugawara","Yukinari Sugawara","true","true","true","false","false","","","","Werder Bremen","Defensa"
"JPN 10","Japon","Hiroki Ito","Hiroki Ito","true","true","true","false","false","","","","Bayern de Múnich","Defensa"
"JPN 12","Japon","Tsuyoshi Watanabe","Tsuyoshi Watanabe","true","true","false","false","false","","","1.84 m","Feyenoord","Defensa"
"JPN 14","Japon","Wataru Endo","Wataru Endo","true","true","true","false","false","","","","Liverpool","Mediocampista"
"JPN 17","Japon","Junya Ito","Junya Ito","false","false","true","false","false","1998-04-12","28","","Genk","Mediocampista"
"JPN 18","Japon","Kaito Nakamura","Kaito Nakamura","true","true","true","false","false","","","","Stade Reims","Delantero"
"JPN 19","Japon","Daizen Maeda","Daizen Maeda","true","true","true","false","false","","","","Celtic","Delantero"
"JPN 22","Japon","Yuito Suzuki","Yuito Suzuki","true","true","true","false","false","","","","Friburgo","Delantero"
"JPN 23","Japon","Kento Shiogai","Kento Shiogai","true","true","true","false","false","","","","Wolfsburgo","Delantero"
"JPN 24","Japon","Keisuke Goto","Keisuke Goto","true","true","true","false","false","","","","Sint-Truiden","Delantero"
"JPN 25","Japon","Ritsu Doan","Ritsu Doan","true","true","true","false","false","","","","Eintracht","Delantero"
"KOR 1","Corea del Sur","Kim Seung-Gyu","Seung-Gyu Kim","true","true","true","false","false","","","","FC Tokyo","Arquero"
"KOR 2","Corea del Sur","Song Bum Keun","Song Bum Keun","true","true","true","false","false","","","","Jeonbuk Hyundai","Arquero"
"KOR 3","Corea del Sur","Jo Hyeon-Woo","Hyeon-woo Jo","true","true","true","false","false","","","","Ulsan HD","Arquero"
"KOR 4","Corea del Sur","Kim Moon-Hwan","Kim Moon-Hwan","true","true","true","false","false","","","","Daejon Hana","Defensa"
"KOR 5","Corea del Sur","Kim Min-Jae","Min-jae Kim","true","true","true","false","false","","","","Bayern de Múnich","Defensa"
"KOR 6","Corea del Sur","Kim Tae-Hwan","Kim Tae-Hwan","true","true","true","false","false","","","","Kashima Antlers","Defensa"
"KOR 7","Corea del Sur","Park Jin-Seob","Park Jin-Seob","true","true","true","false","false","","","","Jeonbuk Hyundai","Defensa"
"KOR 8","Corea del Sur","Seol Young-Woo","Young-woo Seol","true","true","true","false","false","","","","Estrella Roja","Defensa"
"KOR 10","Corea del Sur","Lee Ki-Hyuk","Lee Ki-Hyuk","true","true","true","false","false","","","","Gangwon FC","Defensa"
"KOR 11","Corea del Sur","Lee Tae-Seok","Tae-seok Lee","true","true","true","false","false","","","","Austria de Viena","Defensa"
"KOR 12","Corea del Sur","Lee Han-Beom","Han-beom Lee","true","true","true","false","false","","","","Midtjylland","Defensa"
"KOR 13","Corea del Sur","Cho Yumin","Cho Yumin","true","true","true","false","false","","","","Sharjah FC","Defensa"
"KOR 14","Corea del Sur","Kim Jin-Gyu","Kim Jin-Gyu","true","true","true","false","false","","","","Jeonbuk Hyundai","Mediocampista"
"KOR 15","Corea del Sur","Bae Jun-Ho","Bae Jun-Ho","true","true","true","false","false","","","","Stoke City","Mediocampista"
"KOR 16","Corea del Sur","Paik Seung-Ho","Seung-ho Paik","true","true","true","false","false","","","","Brimingham City","Mediocampista"
"KOR 17","Corea del Sur","Yang Hyun-Jun","Yang Hyun-Jun","true","true","true","false","false","","","","Celtic","Mediocampista"
"KOR 18","Corea del Sur","Eom Ji-Sung","Eom Ji-Sung","true","true","true","false","false","","","","Swansea City","Mediocampista"
"KOR 19","Corea del Sur","Lee Kang-In","Kang-in Lee","true","true","true","false","false","","","","PSG","Mediocampista"
"KOR 20","Corea del Sur","Lee Dong-Gyeong","Lee Dong-Gyeong","true","true","true","false","false","","","","Ulsan HD","Mediocampista"
"KOR 21","Corea del Sur","Lee Jjae-Sung )Mainz 05)","Lee Jjae-Sung )Mainz 05)","true","true","true","true","false","","","","","Mediocampista"
"KOR 22","Corea del Sur","Hwang In-Beom","In-beom Hwang","true","true","true","false","false","","","","Feyenoord","Mediocampista"
"KOR 23","Corea del Sur","Hwang Hee-Chan","Hee-chan Hwang","true","true","true","false","false","","","","Wolverhampton","Mediocampista"
"KOR 24","Corea del Sur","Song Heung-Min","Song Heung-Min","true","true","true","false","false","","","","LA FC","Delantero"
"KOR 25","Corea del Sur","Oh Hyeon-Gyu","Hyeon-Gyu Oh","true","true","true","false","false","","","","Besiktas","Delantero"
"KOR 26","Corea del Sur","Cho Gue-Sung","Gue-sung Cho","true","true","true","false","false","","","","Midtjylland","Delantero"
"KSA 1","Arabia Saudita","Ahmed Alkassar","Ahmed Alkassar","true","true","true","false","false","","","","Al Qadsiah","Arquero"
"KSA 2","Arabia Saudita","Mohammed Alowais","Mohammed Alowais","true","true","true","false","false","","","","Al Ula","Arquero"
"KSA 3","Arabia Saudita","Nawaf Alaqidi","Nawaf Alaqidi","true","true","true","false","false","","","","Al Nassr","Arquero"
"KSA 4","Arabia Saudita","Abdulelah Alamri","Abdulelah Alamri","true","true","true","false","false","","","","Al Nassr","Defensa"
"KSA 5","Arabia Saudita","Ali Lajami","Ali Lajami","true","true","true","false","false","","","","Al Hilal","Defensa"
"KSA 6","Arabia Saudita","Ali Majrashi","Ali Majrashi","true","true","true","false","false","","","","Al Ahli","Defensa"
"KSA 7","Arabia Saudita","Hassan Kadish","Hassan Kadish","true","true","true","false","false","","","","Al Ittihad","Defensa"
"KSA 8","Arabia Saudita","Hassan Altambakti","Hassan Altambakti","true","true","true","false","false","","","","Al Hilal","Defensa"
"KSA 9","Arabia Saudita","Jehad Thikri","Jehad Thikri","true","true","true","false","false","","","","Al Qadsiah","Defensa"
"KSA 10","Arabia Saudita","Mohammed Abualshamat","Mohammed Abualshamat","true","true","true","false","false","","","","Al Qadsiah","Defensa"
"KSA 11","Arabia Saudita","Moteb Alharbi","Moteb Alharbi","true","true","true","false","false","","","","Al Hilal","Defensa"
"KSA 12","Arabia Saudita","Nawaf Buwashl","Nawaf Buwashl","true","true","true","false","false","","","","Al Nassr","Defensa"
"KSA 14","Arabia Saudita","Abdullah Alkhaibari","Abdullah Alkhaibari","true","true","true","false","false","","","","Al Nassr","Mediocampista"
"KSA 15","Arabia Saudita","Aiman Yahya","Aiman Yahya","true","true","true","false","false","","","","Al Nassr","Mediocampista"
"KSA 16","Arabia Saudita","Khalid Alghannam","Khalid Alghannam","true","true","true","false","false","","","","Al Ettifaq","Mediocampista"
"KSA 17","Arabia Saudita","Mohamed Kanno","Mohamed Kanno","true","true","true","false","false","","","","Al Hilal","Mediocampista"
"KSA 18","Arabia Saudita","Musab Aljuwayr","Musab Aljuwayr","true","true","true","false","false","","","","Al Qadsiah","Mediocampista"
"KSA 19","Arabia Saudita","Nasser Aldawsari","Nasser Aldawsari","true","true","true","false","false","","","","Al Hilal","Mediocampista"
"KSA 20","Arabia Saudita","Salem Aldawsari","Salem Aldawsari","true","true","true","false","false","","","","Al Hilal","Mediocampista"
"KSA 21","Arabia Saudita","Sultan Mandash","Sultan Mandash","true","true","true","false","false","","","","Al Hilal","Mediocampista"
"KSA 22","Arabia Saudita","Ziyad Aljohani","Ziyad Aljohani","true","true","true","false","false","","","","Al Ahli","Mediocampista"
"KSA 23","Arabia Saudita","Alaa Al-Hejji","Alaa Al-Hejji","true","true","true","false","false","","","","Neom","Mediocampista"
"KSA 24","Arabia Saudita","Abdullah Alhamddan","Abdullah Alhamddan","true","true","true","false","false","","","","Al Nassr","Delantero"
"KSA 25","Arabia Saudita","Feras Albrikan","Feras Albrikan","true","true","true","false","false","","","","Al Ahli","Delantero"
"KSA 26","Arabia Saudita","Saleh Alshehri","Saleh Alshehri","true","true","true","false","false","","","","Al Ittihad","Delantero"
"MAR 2","Marruecos","Munir El Kajoui","Munir El Kajoui","true","true","true","false","false","","","","RS Berkane","Arquero"
"MAR 3","Marruecos","Ajmed Reda Tagnaouti","Ajmed Reda Tagnaouti","true","true","true","false","false","","","","Raja Casablanca","Arquero"
"MAR 7","Marruecos","Anass Salah-Eddine","Anass Salah-Eddine","true","true","true","false","false","","","","FC Twente","Defensa"
"MAR 8","Marruecos","Chadi Riad","Chadi Riad","true","true","true","false","false","","","","Crystal Palace","Defensa"
"MAR 9","Marruecos","Youssef Belammari","Youssef Belammari","true","true","true","false","false","","","","Al Ahly","Defensa"
"MAR 10","Marruecos","Issa Diop","Issa Diop","true","true","true","false","false","","","","Fulham","Defensa"
"MAR 11","Marruecos","Redouane Hahlal","Redouane Hahlal","true","true","true","false","false","","","","Mechelen","Defensa"
"MAR 12","Marruecos","Zakaria El Ouahdi","Zakaria El Ouahdi","true","true","true","false","false","","","","Genk","Defensa"
"MAR 15","Marruecos","Neil El Aynaoui","Neil El Aynaoui","true","true","true","false","false","","","","Roma","Mediocampista"
"MAR 18","Marruecos","Bouaddi","Bouaddi","true","true","true","false","false","","","","Lille","Mediocampista"
"MAR 19","Marruecos","Samir El Mourabet","Samir El Mourabet","true","true","true","false","false","","","","Estrasburgo","Mediocampista"
"MAR 20","Marruecos","Brahim Díaz","Brahim Diaz","true","true","true","false","false","","","","Real Madrid","Delantero"
"MAR 21","Marruecos","Chemsdine Talbi","Chemsdine Talbi","true","true","true","false","false","","","","Sunderland","Delantero"
"MAR 25","Marruecos","Ayoube Amaimouni","Ayoube Amaimouni","true","true","true","false","false","","","","Eintracht Frankfurt","Delantero"
"MAR 26","Marruecos","Yassine Gessime","Yassine Gessime","true","true","true","false","false","","","","Estrasburgo","Delantero"
"MEX 1","Mexico","Raúl Rangel","Raúl Rangel","true","true","true","false","false","","","","Chivas","Arquero"
"MEX 2","Mexico","Carlos Acevedo","Carlos Acevedo","true","true","true","false","false","","","","Santos Laguna","Arquero"
"MEX 3","Mexico","Guillermo Ochoa","Guillermo Ochoa","true","true","true","false","false","","","","AEL Limassol","Arquero"
"MEX 5","Mexico","Jorge Sánchez","Jorge Sánchez","true","true","false","false","false","","","1.76 m","Cruz Azul","Mediocampista"
"MEX 6","Mexico","César Montes","Cesar Montes","true","true","true","false","false","","","","Lokomotiv Moscú","Defensa"
"MEX 7","Mexico","Edsol Álvarez","Edsol Álvarez","true","true","true","false","false","","","","West Ham","Defensa"
"MEX 8","Mexico","Johan Vásquez","Johan Vasquez","true","true","true","false","false","","","","Genoa","Defensa"
"MEX 9","Mexico","Jesús Gallardo","Jesus Gallardo","true","true","true","false","false","","","","Toluca","Defensa"
"MEX 10","Mexico","Mateo Chávez","Mateo Chávez","true","true","true","false","false","","","","AZ Alkmaar","Defensa"
"MEX 11","Mexico","Álvaro Fidalgo","Álvaro Fidalgo","true","true","true","false","false","","","","Betis","Mediocampista"
"MEX 12","Mexico","Brian Gutiérrez","Brian Gutiérrez","true","true","true","false","false","","","","Chivas","Mediocampista"
"MEX 13","Mexico","Orbelín Pineda","Orbelin Pineda","true","true","true","false","false","","","","AEK Atenas","Mediocampista"
"MEX 14","Mexico","Erik Lira","Erik Lira","true","true","true","false","false","","","","Cruz Azul","Mediocampista"
"MEX 15","Mexico","Luis Romo","Luis Romo","true","true","true","false","false","","","","Chivas","Mediocampista"
"MEX 16","Mexico","Obed Vargas","Obed Vargas","true","true","true","false","false","","","","Atlético de Madrid","Mediocampista"
"MEX 17","Mexico","Gilberto Mora","Gilberto Mora","true","true","true","false","false","","","","Tijuana","Mediocampista"
"MEX 18","Mexico","Luis Chávez","Luis Chávez","true","true","true","false","false","","","","Dinamo Moscú","Mediocampista"
"MEX 20","Mexico","César Huerta","Cesar Huerta","true","true","true","false","false","","","","Anderlecht","Delantero"
"MEX 21","Mexico","Guillermo Martínez","Guillermo Martínez","true","true","true","false","false","","","","Pumas","Delantero"
"MEX 22","Mexico","Armando González","Armando González","true","true","true","false","false","","","","Chivas","Delantero"
"MEX 25","Mexico","Julián Quiñones","Julián Quiñones","true","true","true","false","false","","","","Al Qadsiah","Delantero"
"NED 2","Paises Bajos","Robin Roefs","Robin Roefs","true","true","true","false","false","","","","Sunderland","Arquero"
"NED 3","Paises Bajos","Mark Flekken","Mark Flekken","true","true","true","false","false","","","","Bayer 04 Leverkusen","Arquero"
"NED 6","Paises Bajos","Jorrel Hato","Jorrel Hato","true","true","true","false","false","","","","Chelsea","Defensa"
"NED 9","Paises Bajos","Jurriën Timber","Jurrien Timber","true","true","true","false","false","","","","Arsenal","Defensa"
"NED 13","Paises Bajos","Marten de Roon","Marten de Roon","true","true","true","false","false","","","","Atalanta","Mediocampista"
"NED 16","Paises Bajos","Noa Lang","Noa Lang","true","true","true","false","false","","","","Galatasaray","Mediocampista"
"NED 17","Paises Bajos","Mats Wieffer","Mats Wieffer","true","true","true","false","false","","","","Brighton & Hove Albion","Mediocampista"
"NED 18","Paises Bajos","Quinten Timber","Quinten Timber","true","true","true","false","false","","","","Olympique de Marseille","Mediocampista"
"NED 19","Paises Bajos","Crysencio Summerville","Crysencio Summerville","true","true","true","false","false","","","","West Ham United","Mediocampista"
"NED 20","Paises Bajos","Guus Til","Guus Til","true","true","true","false","false","","","","PSV","Mediocampista"
"NED 21","Paises Bajos","Brian Brobbey","Brian Brobbey","true","true","true","false","false","","","","Sunderland","Delantero"
"NOR 1","Noruega","Orjan Haskjold Nyland","Orjan Nyland","true","true","true","false","false","","","","Sevilla","Arquero"
"NOR 2","Noruega","Sander Tangvik","Sander Tangvik","true","true","true","false","false","","","","Hamburgo","Arquero"
"NOR 3","Noruega","Egil Selvik","Egil Selvik","true","true","true","false","false","","","","Watford","Arquero"
"NOR 4","Noruega","Kristoffer Ajer","Kristoffer Vassbakk Ajer","true","true","true","false","false","","","","Brentford","Defensa"
"NOR 5","Noruega","David Moller Wolfe","David Moller Wolfe","true","true","true","false","false","","","","Wolverhampton","Defensa"
"NOR 6","Noruega","Leo Ostigard","Leo Ostigård","true","true","true","false","false","","","","Génova","Defensa"
"NOR 7","Noruega","Fredrik Bjorkan","Fredrik Bjorkan","true","true","true","false","false","","","","Bodo-Glimt","Defensa"
"NOR 9","Noruega","Torbjorn Heggem","Torbjorn Heggem","true","true","true","false","false","","","","Bologna","Defensa"
"NOR 10","Noruega","Sondre Langas","Sondre Langas","true","true","true","false","false","","","","Derby County","Defensa"
"NOR 11","Noruega","Henrik Falchener","Henrik Falchener","true","true","true","false","false","","","","Viking FK","Defensa"
"NOR 13","Noruega","Morter Thorsby","Morter Thorsby","true","true","true","false","false","","","","Cremonese","Mediocampista"
"NOR 16","Noruega","Martin Odegaard","Martin Odegaard","true","true","true","false","false","","","","Arsenal","Mediocampista"
"NOR 17","Noruega","Fredrik Aursnes","Fredrik Aursnes","true","true","true","false","false","","","","Benfica","Mediocampista"
"NOR 18","Noruega","Kristian Thorstvedt","Kristian Thorstvedt","true","true","true","false","false","","","","Sassuolo","Mediocampista"
"NOR 19","Noruega","Thelonious Aasgaard","Thelonious Aasgaard","true","true","true","false","false","","","","Rangers","Mediocampista"
"NOR 23","Noruega","Jens Petter Hauge","Jens Petter Hauge","true","true","true","false","false","","","","Bodo-Glimt","Mediocampista"
"NOR 24","Noruega","Alexander Sorloth","Alexander Sorloth","true","true","true","false","false","","","","Atlético de Madrid","Delantero"
"NOR 26","Noruega","Jorgen Strand Larsen","Jorgen Strand Larsen","true","true","true","false","false","","","","Crystal Palace","Delantero"
"NZL 1","Nueva Zelanda","Max Crocombe","Max Crocombe Payne","true","true","true","false","false","","","","Millwall","Arquero"
"NZL 3","Nueva Zelanda","Michael Woud","Michael Woud","true","true","true","false","false","","","","Auckland FC","Arquero"
"NZL 8","Nueva Zelanda","Callan Elliot","Callan Elliot","true","true","true","false","false","","","","Auckland FC","Defensa"
"NZL 9","Nueva Zelanda","Tim Payne","Tim Payne","true","true","false","false","false","","","1.85 m","Wellington","Delantero"
"NZL 10","Nueva Zelanda","Nando Pijnaker","Nando Pijnaker","true","true","true","false","false","","","","Auckland FC","Defensa"
"NZL 11","Nueva Zelanda","Tommy Smith","Tommy Smith","true","true","true","false","false","","","","Braintree","Defensa"
"NZL 13","Nueva Zelanda","Lachlan Bayliss","Lachlan Bayliss","true","true","true","false","false","","","","Newcastle","Mediocampista"
"NZL 14","Nueva Zelanda","Joe Bell","Joe Bell","true","true","false","false","false","","","1.82 m","Viking","Mediocampista"
"NZL 15","Nueva Zelanda","Alex Rufer","Alex Rufer","true","true","true","false","false","","","","Wellington","Mediocampista"
"NZL 16","Nueva Zelanda","Marko Stamenić","Marko Stamenić","true","true","true","false","false","","","","Swansea","Mediocampista"
"NZL 19","Nueva Zelanda","Matt Garbett","Matt Garbett","true","true","true","false","false","","","","Peterborough","Delantero"
"NZL 20","Nueva Zelanda","Eli Just","Eli Just","true","true","true","false","false","","","","Motherwell","Delantero"
"NZL 23","Nueva Zelanda","Jesse Randall","Jesse Randall","true","true","true","false","false","","","","Auckland FC","Delantero"
"NZL 25","Nueva Zelanda","Ben Waine","Ben Waine","true","true","true","false","false","","","","Port Vale","Delantero"
"PAN 2","Panama","Luis Mejía","Luis Mejia","true","true","true","false","false","","","","Club Nacional","Arquero"
"PAN 3","Panama","César Samudio","César Samudio","true","true","true","false","false","","","","CD Marathón","Arquero"
"PAN 5","Panama","Jorge Gutiérrez","Jorge Gutiérrez","true","true","true","false","false","","","","Deportivo La Guaira","Defensa"
"PAN 8","Panama","Andrés Andrade","Andres Andrade","true","true","true","false","false","","","","LASK","Defensa"
"PAN 9","Panama","Edgardo Fariña","Edgardo Fariña","true","true","true","false","false","","","","FC Pari Nizhniy Novgorod","Defensa"
"PAN 10","Panama","José Córdoba","Jose Cordoba","true","true","true","false","false","","","","Norwich City","Defensa"
"PAN 11","Panama","Eric Davis","Eric Davis","true","true","true","false","false","","","","Plaza Amador","Mediocampista"
"PAN 12","Panama","Jiovany Ramos","Jiovany Ramos","true","true","true","false","false","","","","Puerto Cabello","Defensa"
"PAN 13","Panama","Roderick Miller","Roderick Miller","true","true","true","false","false","","","","Turan Tovuz","Defensa"
"PAN 17","Panama","Cristian Martínez","Cristian Martinez","true","true","true","false","false","","","","Ironi Kiryat Shmona","Mediocampista"
"PAN 18","Panama","José Luis Rodríguez","José Luis Rodríguez","true","true","true","false","false","","","","Juárez","Mediocampista"
"PAN 19","Panama","César Yanis","César Yanis","true","true","true","false","false","","","","Cobresal","Mediocampista"
"PAN 20","Panama","Yoel Bárcenas","Yoel Bárcenas","true","true","true","false","false","","","","Mazatlán FC","Mediocampista"
"PAN 22","Panama","Azarías Londoño","Azarías Londoño","true","true","true","false","false","","","","CD Universidad Católica","Mediocampista"
"PAN 23","Panama","Ismael Díaz","Ismael Díaz","true","true","false","false","false","","","1.82 m","Club León FC","Mediocampista"
"PAN 25","Panama","José Fajardo","Jose Fajardo","true","true","true","false","false","","","","CD Universidad Católica","Delantero"
"PAN 26","Panama","Tomás Rodríguez","Tomás Rodríguez","true","true","true","false","false","","","","Deportivo Saprissa","Delantero"
"PAR 2","Paraguay","Roberto Fernández","Roberto Fernandez","true","true","true","false","false","","","","Cerro Porteño","Arquero"
"PAR 3","Paraguay","Gastón Olveira","Gastón Olveira","true","true","true","false","false","","","","Olimpia","Arquero"
"PAR 5","Paraguay","Gustavo Velázquez","Gustavo Velázquez","true","true","true","false","false","","","","Cerro Porteño","Defensa"
"PAR 6","Paraguay","Gustavo Gómez","Gustavo Gomez","true","true","true","false","false","","","","Palmeiras","Defensa"
"PAR 7","Paraguay","Junior Alonso","Junior Alonso","true","true","true","false","false","","","","Atlético Mineiro","Defensa"
"PAR 8","Paraguay","José Canale","José Canale","true","true","true","false","false","","","","Lanús","Defensa"
"PAR 10","Paraguay","Alessandro Maidana","Alessandro Maidana","true","true","true","false","false","","","","Olimpia","Defensa"
"PAR 12","Paraguay","Mauricio Magalhães","Mauricio Magalhães","true","true","true","false","false","","","","Libertad","Defensa"
"PAR 14","Paraguay","Braian Ojeda","Braian Ojeda","true","true","true","false","false","","","","Real Salt Lake","Mediocampista"
"PAR 15","Paraguay","Andrés Cubas","Andres Cubas","true","true","true","false","false","","","","Vancouver Whitecaps","Mediocampista"
"PAR 16","Paraguay","Matías Galarza","Matias Galarza Fonda","true","true","true","false","false","","","","Talleres de Córdoba","Mediocampista"
"PAR 18","Paraguay","Gustavo Caballero","Gustavo Caballero","true","true","true","false","false","","","","Nacional","Mediocampista"
"PAR 19","Paraguay","Ramón Sosa","Ramon Sosa","true","true","true","false","false","","","","Palmeiras","Mediocampista"
"PAR 20","Paraguay","Diego Gómez","Diego Gomez","true","true","true","false","false","","","","Brighton","Mediocampista"
"PAR 21","Paraguay","Alex Arce","Alex Arce","true","true","true","false","false","","","","Liga de Quito","Delantero"
"PAR 22","Paraguay","Gabriel Ávalos","Gabriel Ávalos","true","true","true","false","false","","","","Independiente","Delantero"
"PAR 23","Paraguay","Isidro Pitta","Isidro Pitta","true","true","true","false","false","","","","Red Bull Bragantino","Delantero"
"PAR 25","Paraguay","Julio Enciso","Julio Enciso","true","true","true","false","false","","","","Estrasburgo","Delantero"
"POR 3","Portugal","Rui Silva","Rui Silva","true","true","true","false","false","","","","Sporting CP","Arquero"
"POR 4","Portugal","Ricardo Velho","Ricardo Velho","true","true","true","false","false","","","","Farense","Arquero"
"POR 6","Portugal","Matheus Nunes","Matheus Nunes","true","true","true","false","false","","","","Manchester City","Defensa"
"POR 7","Portugal","Nélson Semedo","Nélson Semedo","true","true","true","false","false","","","","Fenerbahçe","Defensa"
"POR 11","Portugal","Renato Veiga","Renato Veiga","true","true","true","false","false","","","","Villarreal","Defensa"
"POR 12","Portugal","Rúben Dias","Ruben Dias","true","true","true","false","false","","","","Manchester City","Defensa"
"POR 13","Portugal","Tomás Araújo","Tomás Araújo","true","true","true","false","false","","","","Benfica","Defensa"
"POR 14","Portugal","Rúben Neves","Ruben Neves","true","true","true","false","false","","","","Al Hilal","Mediocampista"
"POR 15","Portugal","Samu Costa","Samu Costa","true","true","true","false","false","","","","Mallorca","Mediocampista"
"POR 17","Portugal","Vitinha","Vitinha","true","true","false","false","false","","","1.73 m","PSG","Mediocampista"
"POR 20","Portugal","João Félix","João Felix","true","true","true","false","false","","","","Al Nassr","Delantero"
"POR 21","Portugal","Francisco Trincão","Francisco Trincao","true","true","true","false","false","","","","Sporting CP","Delantero"
"POR 22","Portugal","Francisco Conceição","Francisco Conceição","true","true","true","false","false","","","","Juventus","Delantero"
"POR 25","Portugal","Gonçalo Guedes","Gonçalo Guedes","true","true","true","false","false","","","","Real Sociedad","Delantero"
"QAT 1","Catar","Mahmoud Abunada","Mahmoud Abunada","true","true","true","false","false","","","","Al-Rayyan","Arquero"
"QAT 2","Catar","Meshaal Barsham","Meshaal Barsham","true","true","true","false","false","","","","Al-Sadd","Arquero"
"QAT 3","Catar","Salah Zakaria","Salah Zakaria","true","true","true","false","false","","","","Al-Duhail","Arquero"
"QAT 4","Catar","Ayoub Al Alawi","Ayoub Al Alawi","true","true","true","false","false","","","","Al-Gharafa","Defensa"
"QAT 6","Catar","Homam Al Amin","Homam Al Amin","true","true","true","false","false","","","","Cultural Leonesa","Defensa"
"QAT 8","Catar","Issa Laye","Issa Laye","true","true","true","false","false","","","","Al-Arabi","Defensa"
"QAT 9","Catar","Pedro Miguel","Pedro Miguel","true","true","true","false","false","","","","Al-Sadd","Defensa"
"QAT 10","Catar","Alhashmi Alhussain","Alhashmi Alhussain","true","true","true","false","false","","","","Al-Arabi","Defensa"
"QAT 11","Catar","Sultan Al Brake","Sultan Al Brake","true","true","true","false","false","","","","Al-Duhail","Defensa"
"QAT 14","Catar","Ahmed Fathy","Ahmed Fathy","true","true","true","false","false","","","","Al-Arabi","Mediocampista"
"QAT 16","Catar","Jassim Gaber","Jassim Gaber","true","true","true","false","false","","","","Al-Arabi","Mediocampista"
"QAT 17","Catar","Mohamed Manai","Mohamed Manai","true","true","true","false","false","","","","Al-Shamal","Mediocampista"
"QAT 18","Catar","Ahmed Al Janhi","Ahmed Al Janhi","true","true","true","false","false","","","","Al-Gharafa","Delantero"
"QAT 19","Catar","Ahmed Alaa","Ahmed Alaa","true","true","true","false","false","","","","Al-Rayyan","Delantero"
"QAT 20","Catar","Akram Afif","Akram Hassan Afif","true","true","true","false","false","","","","Al-Sadd","Delantero"
"QAT 23","Catar","Hassan Al Haydos","Hassan Al-Haydos","true","true","true","false","false","","","","Al-Sadd","Delantero"
"QAT 24","Catar","Mohammed Muntari","Mohammed Muntari","true","true","true","false","false","","","","Al-Gharafa","Delantero"
"QAT 25","Catar","Tahsin Mohammed","Tahsin Mohammed","true","true","true","false","false","","","","Al-Duhail","Delantero"
"QAT 26","Catar","Yusuf Abdurisag","Yusuf Abdurisag","true","true","true","false","false","","","","Al-Wakrah","Delantero"
"RSA 2","Sudafrica","Ricardo Goss","Ricardo Goss","true","true","true","false","false","","","","Siwelele FC","Arquero"
"RSA 3","Sudafrica","Sipho Chaine","Sipho Chaine","false","false","true","false","false","1996-12-14","29","","Orlando Pirates","Arquero"
"RSA 6","Sudafrica","Ime Okon","Ime Okon","true","true","true","false","false","","","","Hannover 96","Defensa"
"RSA 7","Sudafrica","Khulumani Ndamane","Khulumani Ndamane","false","false","true","false","false","2004-02-05","22","","Mamelodi Sundowns","Defensa"
"RSA 9","Sudafrica","Samukelo Kabini","Samukelo Kabini","true","true","true","false","false","","","","Molde FK","Defensa"
"RSA 10","Sudafrica","Thabang Matuludi","Thabang Matuludi","true","true","true","false","false","","","","Polokwane City","Defensa"
"RSA 11","Sudafrica","Olwethu Makhanya","Olwethu Makhanya","true","true","true","false","false","","","","Philadelphia Union","Defensa"
"RSA 12","Sudafrica","Kamogelo Sebelebele","Kamogelo Sebelebele","true","true","true","false","false","","","","Orlando Pirates","Defensa"
"RSA 13","Sudafrica","Bradley Cross","Bradley Cross","true","true","true","false","false","","","","Kaizer Chiefs","Defensa"
"RSA 16","Sudafrica","Thalente Mbatha","Thalente Mbatha","false","false","true","false","false","2000-03-06","26","","Orlando Pirates","Mediocampista"
"RSA 17","Sudafrica","Sphephelo Sithole","Sphephelo Sithole","true","true","true","false","false","","","","CD Tondela","Mediocampista"
"RSA 18","Sudafrica","Jayden Adams","Jayden Adams","true","true","true","false","false","","","","Mamelodi Sundowns","Mediocampista"
"RSA 21","Sudafrica","Tshepang Moremi","Tshepang Moremi","true","true","true","false","false","","","","Orlando Pirates","Delantero"
"RSA 22","Sudafrica","Relebohile Mofokeng","Relebohile Mofokeng","true","true","true","false","false","","","","Orlando Pirates","Delantero"
"RSA 23","Sudafrica","Evidence Makgopa","Evidence Makgopa","true","true","true","false","false","","","","Orlando Pirates","Delantero"
"RSA 24","Sudafrica","Themba Zwane","Themba Zwane","true","true","true","false","false","","","","Mamelodi Sundowns","Delantero"
"RSA 26","Sudafrica","Thapelo Maseko","Thapelo Maseko","true","true","true","false","false","","","","AEL Limassol","Delantero"
"SCO 1","Escocia","Craig Gordon","Craig Gordon","true","true","true","false","false","","","","Hearts","Arquero"
"SCO 3","Escocia","Liam Kelly","Liam Kelly","true","true","true","false","false","","","","Rangers","Arquero"
"SCO 5","Escocia","Jack Hendry","Jack Hendry","true","true","false","false","false","","","1.88 m","Al Ettifaq","Defensa"
"SCO 7","Escocia","Dom Hyam","Dom Hyam","true","true","true","false","false","","","","Wrexham","Defensa"
"SCO 9","Escocia","Nathan Patterson","Nathan Patterson","true","true","true","false","false","","","","Everton","Defensa"
"SCO 11","Escocia","Andy Robertson","Andy Robertson","true","true","true","false","false","","","","Liverpool","Defensa"
"SCO 15","Escocia","Findlay Curtis","Findlay Curtis","true","true","true","false","false","","","","Rangers","Mediocampista"
"SCO 17","Escocia","Ben Gannon-Doak","Ben Gannon-Doak","true","true","true","false","false","","","","Bournemouth","Mediocampista"
"SCO 18","Escocia","Tyler Fletcher","Tyler Fletcher","true","true","true","false","false","","","","Manchester United","Mediocampista"
"SCO 20","Escocia","Kenny McLean","Kenny McLean","true","true","false","false","false","","","1.83 m","Norwich City","Mediocampista"
"SCO 22","Escocia","Ché Adams","Che Adams","true","true","true","false","false","","","","Torino","Delantero"
"SCO 24","Escocia","George Hirst","George Hirst","true","true","true","false","false","","","","Ipswich Town","Delantero"
"SCO 25","Escocia","Lawrence Shankland","Lawrence Shankland","true","true","true","false","false","","","","Hearts","Delantero"
"SCO 26","Escocia","Ross Stewart","Ross Stewart","true","true","true","false","false","","","","Southampton","Delantero"
"SEN 1","Senegal","Edouard Mendy","Edouard Mendy","true","true","true","false","false","","","","Al Ahli","Arquero"
"SEN 2","Senegal","Mory Diaw","Mory Diaw","true","true","true","false","false","","","","Le Havre","Arquero"
"SEN 5","Senegal","Antoine Mendy","Antoine Mendy","true","true","true","false","false","","","","Niza","Defensa"
"SEN 8","Senegal","Mamadou Sarr","Mamadou Sarr","true","true","true","false","false","","","","Estrasburgo","Defensa"
"SEN 9","Senegal","Moussa Niakhaté","Moussa Niakhaté","true","true","true","false","false","","","","O. Lyon","Defensa"
"SEN 10","Senegal","Moustapha Mbow","Moustapha Mbow","true","true","true","false","false","","","","Paris","Defensa"
"SEN 13","Senegal","Ilay Camara","Ilay Camara","true","true","true","false","false","","","","Anderlecht","Defensa"
"SEN 14","Senegal","Idrissa Gana Gueye","Idrissa Gana Gueye","true","true","true","false","false","","","","Everton","Mediocampista"
"SEN 16","Senegal","Lamine Camara","Lamine Camara","true","true","false","false","false","","","1.73 m","Mónaco","Mediocampista"
"SEN 18","Senegal","Pathé Ciss","Pathé Ciss","true","true","true","false","false","","","","Rayo Vallecano","Mediocampista"
"SEN 20","Senegal","Bara Sapoko Ndiaye","Bara Sapoko Ndiaye","true","true","true","false","false","","","","Bayern","Mediocampista"
"SEN 21","Senegal","Sadio Mané","Sadio Mane","true","true","true","false","false","","","","Al Nassr","Delantero"
"SEN 24","Senegal","Assane Diao","Assane Diao","true","true","true","false","false","","","","Como","Delantero"
"SEN 25","Senegal","Ibrahim Mbaye","Ibrahim Mbaye","true","true","true","false","false","","","","PSG","Delantero"
"SEN 27","Senegal","Bamba Dieng","Bamba Dieng","true","true","true","false","false","","","","Lorient","Delantero"
"SEN 28","Senegal","Cherif Ndiaye","Cherif Ndiaye","true","true","true","false","false","","","","Samsunspor","Delantero"
"SUI 1","Suiza","Marvin Keller","Marvin Keller","true","true","true","false","false","","","","Young Boys","Arquero"
"SUI 6","Suiza","Eray Cömert","Eray Cömert","true","true","true","false","false","","","","Valencia","Defensa"
"SUI 8","Suiza","Luca Jaquez","Luca Jaquez","true","true","true","false","false","","","","Stuttgart","Defensa"
"SUI 9","Suiza","Miro Muheim","Miro Muheim","true","true","true","false","false","","","","Hamburgo","Defensa"
"SUI 12","Suiza","Gran Xhaka","Gran Xhaka","true","true","true","false","false","","","","Sunderland","Mediocampista"
"SUI 15","Suiza","Christian Fassnacht","Christian Fassnacht","true","true","true","false","false","","","","Young Boys","Mediocampista"
"SUI 20","Suiza","Djibril Sow","Djibril Sow","true","true","true","false","false","","","","Sevilla","Mediocampista"
"SUI 23","Suiza","Cedric Itten","Cedric Itten","true","true","true","false","false","","","","Fortuna Düsseldorf","Delantero"
"SUI 25","Suiza","Noah Okafor","Noah Okafor","true","true","true","false","false","","","","Leeds","Delantero"
"SWE 1","Suecia","Jacob Zetterström","Jacob Zetterström","true","true","true","false","false","","","","Derby County","Arquero"
"SWE 2","Suecia","Viktor Johansson","Viktor Johansson","true","true","true","false","false","","","","Stoke City","Arquero"
"SWE 3","Suecia","Kristoffer Nordfeldt","Kristoffer Nordfeldt","true","true","true","false","false","","","","AIK","Arquero"
"SWE 4","Suecia","Gustav Lagerbielke","Gustav Lagerbielke","true","true","true","false","false","","","","SC Braga","Defensa"
"SWE 5","Suecia","Viktor Lindelöf","Viktor Lindelöf","true","true","true","false","false","","","","Aston Villa","Defensa"
"SWE 8","Suecia","Herman Johansson","Herman Johansson","true","true","true","false","false","","","","FC Dallas","Defensa"
"SWE 10","Suecia","Hjalmar Ekdal","Hjalmar Ekdal","true","true","true","false","false","","","","Burnley","Defensa"
"SWE 11","Suecia","Carl Starfelt","Carl Starfelt","true","true","true","false","false","","","","Celta","Defensa"
"SWE 12","Suecia","Eric Smith","Eric Smith","true","true","true","false","false","","","","St. Pauli","Defensa"
"SWE 13","Suecia","Elliot Stroud","Elliot Stroud","true","true","true","false","false","","","","Mjällby","Defensa"
"SWE 14","Suecia","Lucas Begvall","Lucas Begvall","true","true","true","false","false","","","","Tottenham","Mediocampista"
"SWE 16","Suecia","Jesper Kalström","Jesper Kalström","true","true","true","false","false","","","","Udinese","Mediocampista"
"SWE 19","Suecia","Besfort Zeneli","Besfort Zeneli","true","true","true","false","false","","","","Unión Saint-Gilloise","Mediocampista"
"SWE 22","Suecia","Benjamin Nygren","Benjamin Nygren","true","true","true","false","false","","","","Celtic","Delantero"
"SWE 24","Suecia","Alexander Bernhardsson","Alexander Bernhardsson","true","true","true","false","false","","","","Holstein Kiel","Delantero"
"SWE 25","Suecia","Gustaf Nilsson","Gustaf Nilsson","true","true","true","false","false","","","","Brujas","Delantero"
"SWE 26","Suecia","Taha Ali","Taha Ali","true","true","true","false","false","","","","Malmö","Delantero"
"TUN 2","Tunez","A. Chamakh","A. Chamakh","true","true","true","false","false","","","","Club Africain","Arquero"
"TUN 3","Tunez","Sabri Ben Hassen","Sabri Ben Hassen","true","true","true","false","false","","","","Etoile du Sahel","Arquero"
"TUN 5","Tunez","Moutaz Neffati","Moutaz Neffati","true","true","true","false","false","","","","Norrköping","Defensa"
"TUN 8","Tunez","Omar Rekik","Omar Rekik","true","true","true","false","false","","","","Maribor","Defensa"
"TUN 9","Tunez","Adem Arous","Adem Arous","true","true","true","false","false","","","","Kasimpasa","Defensa"
"TUN 10","Tunez","Raed Chikhaoui","Raed Chikhaoui","true","true","true","false","false","","","","Monastir","Defensa"
"TUN 12","Tunez","M.A Ben Hmida","M.A Ben Hmida","true","true","true","false","false","","","","Espérance de Tunis","Defensa"
"TUN 14","Tunez","M. Hadj Mahmoud","M. Hadj Mahmoud","true","true","true","false","false","","","","Lugano","Mediocampista"
"TUN 15","Tunez","Rani Khedira","Rani Khedira","true","true","true","false","false","","","","Union Berlin","Mediocampista"
"TUN 16","Tunez","Anis Ben Slimane","Anis Ben Slimane","true","true","true","false","false","","","","Norwich","Mediocampista"
"TUN 17","Tunez","Mortadha Ben Ouanes","Mortadha Ben Ouanes","true","true","true","false","false","","","","Kasimpasa","Mediocampista"
"TUN 18","Tunez","Ismaël Gharbi","Ismael Gharbi","true","true","true","false","false","","","","Augsburgo","Mediocampista"
"TUN 20","Tunez","Khalil Ayari","Khalil Ayari","true","true","true","false","false","","","","PSG","Delantero"
"TUN 23","Tunez","Firas Chaouat","Firas Chaouat","true","true","true","false","false","","","","Club Africain","Delantero"
"TUN 25","Tunez","Rayan Elloumi","Rayan Elloumi","true","true","true","false","false","","","","Vancouver Whitecaps","Delantero"
"TUN 26","Tunez","Sebastian Tounekti","Sebastian Tounekti","true","true","true","false","false","","","","Celtic","Delantero"
"TUR 1","Turquia","Bayindir","Bayindir","true","true","true","false","false","","","","Manchester United","Arquero"
"TUR 2","Turquia","Cakir","Ugurcan Cakir","true","true","true","false","false","","","","Galatasaray","Arquero"
"TUR 3","Turquia","Gunok","Gunok","true","true","true","false","false","","","","Besiktas","Arquero"
"TUR 4","Turquia","Kadioglu","Ferdi Kadioglu","true","true","true","false","false","","","","Brighton","Defensa"
"TUR 6","Turquia","Celik","Zeki Celik","false","false","true","false","false","2006-07-17","19","","Roma","Defensa"
"TUR 7","Turquia","Ozan Kabak","Ozan Kabak","true","true","true","false","false","","","","Hoffenheim","Defensa"
"TUR 8","Turquia","Mert Muldur","Mert Muldur","true","true","true","false","false","","","","Fenerbahce","Defensa"
"TUR 9","Turquia","Abdulkerim Bardakci","Abdulkerim Bardakci","true","true","true","false","false","","","","Galatasaray","Defensa"
"TUR 10","Turquia","Eren Elmali","Eren Elmali","true","true","true","false","false","","","","Galatasaray","Defensa"
"TUR 11","Turquia","Caglar Soyuncu","Caglar Soyuncu","true","true","true","false","false","","","","Fenerbahce","Defensa"
"TUR 12","Turquia","Samet Akaydin","Samet Akaydin","true","true","true","false","false","","","","Rizespor","Defensa"
"TUR 13","Turquia","Arda Guler","Arda Guler","true","true","true","false","false","","","","Real Madrid","Mediocampista"
"TUR 15","Turquia","Orkun Kokcu","Orkun Kokcu","true","true","true","false","false","","","","Besiktas","Mediocampista"
"TUR 16","Turquia","Hakan Calhanoglu","Hakan Calhanoglu","true","true","true","false","false","","","","Inter de Milán","Mediocampista"
"TUR 17","Turquia","Ismail Yuksek","Ismail Yuksek","true","true","true","false","false","","","","Fenerbahce","Mediocampista"
"TUR 19","Turquia","Salih Ozcan","Salih Ozcan","true","true","true","false","false","","","","Borussia Dortmund","Mediocampista"
"TUR 20","Turquia","Kenan Yildiz","Kenan Yildiz","true","true","true","false","false","","","","Juventus","Delantero"
"TUR 21","Turquia","Baris Yilmaz","Baris Alper Yilmaz","true","true","true","false","false","","","","Galatasaray","Delantero"
"TUR 22","Turquia","Kerem Akturkoglu","Kerem Akturkoglu","true","true","true","false","false","","","","Fenerbahce","Delantero"
"TUR 23","Turquia","Yunus Akgun","Yunus Akgun","true","true","true","false","false","","","","Galatasaray","Delantero"
"TUR 24","Turquia","Oguz Aydin","Oguz Aydin","true","true","true","false","false","","","","Fenerbahce","Delantero"
"TUR 25","Turquia","Deniz Gul","Deniz Gul","true","true","true","false","false","","","","Porto","Delantero"
"TUR 26","Turquia","Irfan Can Kahveci","Irfan Can Kahveci","true","true","true","false","false","","","","Fenerbahce","Delantero"
"URU 2","Uruguay","Fernando Muslera","Fernando Muslera","true","true","true","false","false","","","","Estudiantes de La Plata","Arquero"
"URU 5","Uruguay","Ronald Araújo","Ronald Araujo","true","true","true","false","false","","","","FC Barcelona","Defensa"
"URU 7","Uruguay","Santiago Bueno","Santiago Bueno","true","true","true","false","false","","","","Wolverhampton Wanderers","Defensa"
"URU 8","Uruguay","Sebastián Cáceres","Sebastian Caceres","true","true","true","false","false","","","","Club América","Defensa"
"URU 9","Uruguay","Mathías Olivera","Mathias Olivera","true","true","true","false","false","","","","Napoli","Defensa"
"URU 10","Uruguay","Joaquín Piquerez","Joaquín Piquerez","true","true","true","false","false","","","","Palmeiras","Defensa"
"URU 11","Uruguay","Matías Viña","Matías Viña","true","true","true","false","false","","","","Flamengo","Defensa"
"URU 12","Uruguay","Manuel Ugarte","Manuel Ugarte","true","true","false","false","false","","","1.82 m","Manchester United","Mediocampista"
"URU 16","Uruguay","Agustín Canobbio","Agustín Canobbio","true","true","true","false","false","","","","Fluminense","Mediocampista"
"URU 17","Uruguay","Juan Manuel Sanabria","Juan Manuel Sanabria","true","true","true","false","false","","","","Atlético de San Luis","Mediocampista"
"URU 18","Uruguay","Giorgian De Arrascaeta","Giorgian De Arrascaeta","true","true","true","false","false","","","","Flamengo","Mediocampista"
"URU 19","Uruguay","Nicolás de la Cruz","Nicolás de la Cruz","true","true","true","false","false","","","","Flamengo","Mediocampista"
"URU 22","Uruguay","Maximiliano Araújo","Maximiliano Araújo","true","true","true","false","false","","","","Sporting CP","Mediocampista"
"URU 23","Uruguay","Brian Rodríguez","Brian Rodríguez","true","true","true","false","false","","","","Club América","Mediocampista"
"USA 1","Estados Unidos","Matt Freese","Matt Freese","true","true","true","false","false","","","","New York City","Arquero"
"USA 2","Estados Unidos","Matt Turner","Matt Turner","true","true","true","false","false","","","","New England Revolution","Arquero"
"USA 3","Estados Unidos","Chris Brady","Chris Brady","true","true","true","false","false","","","","Chicago Fire","Arquero"
"USA 4","Estados Unidos","Max Arfsten","Max Arfsten","true","true","true","false","false","","","","Columbus Crew","Defensa"
"USA 5","Estados Unidos","Sergiño Dest","Sergiño Dest","true","true","true","false","false","","","","PSV","Defensa"
"USA 7","Estados Unidos","Mark McKenzie","Mark McKenzie","true","true","false","false","false","","","1.84 m","Toulouse","Defensa"
"USA 11","Estados Unidos","Miles Robinson","Miles Robinson","true","true","true","false","false","","","","FC Cincinnati","Defensa"
"USA 12","Estados Unidos","Joe Scally","Joe Scally","true","true","true","false","false","","","","Borussia Mönchengladbach","Defensa"
"USA 13","Estados Unidos","Auston Trusty","Auston Trusty","true","true","true","false","false","","","","Celtic","Defensa"
"USA 15","Estados Unidos","Sebastian Berhalter","Sebastian Berhalter","true","true","true","false","false","","","","Vancouver Whitecaps","Mediocampista"
"USA 16","Estados Unidos","Weston McKennie","Weston McKennie","true","true","true","false","false","","","","Vancouver Whitecaps","Mediocampista"
"USA 17","Estados Unidos","Cristian Roldán","Cristian Roldán","true","true","true","false","false","","","","Seattle Sounders","Mediocampista"
"USA 20","Estados Unidos","Gio Reyna","Gio Reyna","true","true","true","false","false","","","","Borussia Mönchengladbach","Mediocampista"
"USA 22","Estados Unidos","Tim Weah","Tim Weah","true","true","true","false","false","","","","Olympique Marseille","Mediocampista"
"USA 23","Estados Unidos","Alejandro Zendejas","Alejandro Zendejas","true","true","true","false","false","","","","Club América","Mediocampista"
"UZB 2","Uzbekistan","Botirali Ergashev","Botirali Ergashev","true","true","true","false","false","","","","Neftchi Fergana","Arquero"
"UZB 3","Uzbekistan","Abduvohid Ne’matov","Abduvohid Ne’matov","true","true","true","false","false","","","","Nasaf Qarshi","Arquero"
"UZB 5","Uzbekistan","Alijonov","Khojiakbar Alijonov","false","false","false","true","false","1997-04-19","29","1.80 m","","Defensa"
"UZB 6","Uzbekistan","Farrukh Sayfiev","Farrukh Sayfiev","true","true","true","false","false","","","","Neftchi Fergana","Defensa"
"UZB 7","Uzbekistan","Rustam Ashurmatov","Rustam Ashurmatov","true","true","true","false","false","","","","Esteghlal","Defensa"
"UZB 10","Uzbekistan","Avazbek O’Imasaliev","Avazbek O’Imasaliev","true","true","true","true","false","","","","","Defensa"
"UZB 11","Uzbekistan","Jahongir Orozov","Jahongir Orozov","true","true","true","false","false","","","","Dinamo Samarqand","Defensa"
"UZB 12","Uzbekistan","Behruzjon Karimoov","Behruzjon Karimoov","true","true","true","false","false","","","","Surkhon Termiz","Defensa"
"UZB 13","Uzbekistan","Abdulla Abdullaev","Abdulla Abdullaev","true","true","true","false","false","","","","Dibba Al-Fujairah Club","Defensa"
"UZB 14","Uzbekistan","Akmal Mozgovoy","Akmal Mozgovoy","true","true","true","false","false","","","","Pajtakor Tashkent","Mediocampista"
"UZB 17","Uzbekistan","Odil Hamrobekov","Odil Hamrobekov","true","true","true","false","false","","","","Tractor S.C.","Mediocampista"
"UZB 19","Uzbekistan","Aziz Ganiev","Aziz Ganiev","true","true","true","false","false","","","","Nasaf Qarshi","Mediocampista"
"UZB 20","Uzbekistan","Sherzod Esanov","Sherzod Esanov","true","true","true","false","false","","","","Bukhara","Mediocampista"
"UZB 23","Uzbekistan","Igor Sergeev","Igor Sergeev","true","true","false","false","false","","","1.81 m","Persépolis","Delantero"
"UZB 24","Uzbekistan","Azizbek Amonov","Azizbek Amonov","true","true","true","false","false","","","","Dinamo Samarcanda","Delantero"
"UZB 26","Uzbekistan","Doston Khamdamov","Doston Khamdamov","true","true","true","false","false","","","","Pakhtakor Tashkent","Delantero"
