pais,codigo_panini,nombre_jugador,tiene_imagen
Argelia,ALG 1,Luca Zidane,no tiene imagen
Argelia,ALG 2,Oussama Benbot,no tiene imagen
Argelia,ALG 3,Melvin Mastil,no tiene imagen
Argelia,ALG 4,Abdelatif Ramdane,no tiene imagen
Argelia,ALG 5,Rafik Belghali,no tiene imagen
Argelia,ALG 6,Samir Chergui,no tiene imagen
Argelia,ALG 7,Rayan Aït-Nouri,no tiene imagen
Argelia,ALG 8,Jaouen Hadjam,no tiene imagen
Argelia,ALG 9,Aïssa Mandi,tiene imagen
Argelia,ALG 10,Ramy Bensebaïni,tiene imagen
Argelia,ALG 11,Zineddine Belaïd,no tiene imagen
Argelia,ALG 12,Achref Abada,no tiene imagen
Argelia,ALG 13,Mohamed Amine Tougaï,no tiene imagen
Argelia,ALG 14,Nabil Bentaleb,tiene imagen
Argelia,ALG 15,Hicham Boudaoui,no tiene imagen
Argelia,ALG 16,Houssem Aouar,tiene imagen
Argelia,ALG 17,Farès Chaïbi,tiene imagen
Argelia,ALG 18,Ibrahim Maza,no tiene imagen
Argelia,ALG 19,Yacine Titraoui,no tiene imagen
Argelia,ALG 20,Ramiz Zerrouki,no tiene imagen
Argelia,ALG 21,Mohamed Amine Amoura,no tiene imagen
Argelia,ALG 22,Nadhir Benbouali,no tiene imagen
Argelia,ALG 23,Adil Boulbina,no tiene imagen
Argelia,ALG 24,Farès Ghedjemis,no tiene imagen
Argelia,ALG 25,Amine Gouiri,no tiene imagen
Argelia,ALG 26,Anis Hadj Moussa,tiene imagen
Argelia,ALG 27,Riyad Mahrez,tiene imagen
Argentina,ARG 1,Dibu Martínez,tiene imagen
Argentina,ARG 2,Gerónimo Rulli,no tiene imagen
Argentina,ARG 3,Juan Musso,no tiene imagen
Argentina,ARG 4,Cristian Romero,tiene imagen
Argentina,ARG 5,Otamendi,tiene imagen
Argentina,ARG 6,Nahuel Molina,tiene imagen
Argentina,ARG 7,Nicolás Tagliafico,tiene imagen
Argentina,ARG 8,Gonzalo Montiel,no tiene imagen
Argentina,ARG 9,Leonardo Balerdi,tiene imagen
Argentina,ARG 10,Lisandro Martínez,no tiene imagen
Argentina,ARG 11,Facundo Medina,no tiene imagen
Argentina,ARG 12,Enzo Fernández,tiene imagen
Argentina,ARG 13,Rodrigo de Paul,tiene imagen
Argentina,ARG 14,Alexis Mac Allister,tiene imagen
Argentina,ARG 15,Leandro Paredes,tiene imagen
Argentina,ARG 16,Exequiel Palacios,tiene imagen
Argentina,ARG 17,Valentín Barco,no tiene imagen
Argentina,ARG 18,Giovani Lo Celso,no tiene imagen
Argentina,ARG 19,Lionel Messi,tiene imagen
Argentina,ARG 20,Julián Álvarez,tiene imagen
Argentina,ARG 21,Lautaro Martínez,tiene imagen
Argentina,ARG 22,José Manuel López,no tiene imagen
Argentina,ARG 23,Nico González,tiene imagen
Argentina,ARG 24,Thiago Almada,no tiene imagen
Argentina,ARG 25,Giuliano Simeone,tiene imagen
Argentina,ARG 26,Nico Paz,tiene imagen
Australia,AUS 1,Matthew Ryan,no tiene imagen
Australia,AUS 2,Patrick Beach,no tiene imagen
Australia,AUS 3,Paul Izzo,no tiene imagen
Australia,AUS 4,Harry Souttar,no tiene imagen
Australia,AUS 5,Alessandro Circati,no tiene imagen
Australia,AUS 6,Jordan Bos,no tiene imagen
Australia,AUS 7,Cameron Burgess,no tiene imagen
Australia,AUS 8,Milos Degenek,no tiene imagen
Australia,AUS 9,Aziz Behich,no tiene imagen
Australia,AUS 10,Jason Geria,no tiene imagen
Australia,AUS 11,Lucas Herrington,no tiene imagen
Australia,AUS 12,Kai Trewin,no tiene imagen
Australia,AUS 13,Jacob Italiano,no tiene imagen
Australia,AUS 14,Jackson Irvine,no tiene imagen
Australia,AUS 15,Paul Okon-Engstler,no tiene imagen
Australia,AUS 16,Cameron Devlin,no tiene imagen
Australia,AUS 17,Ajdin Hrustic,no tiene imagen
Australia,AUS 18,Connor Metcalfe,no tiene imagen
Australia,AUS 19,Aiden O’Neill,no tiene imagen
Australia,AUS 20,Mathew Leckie,no tiene imagen
Australia,AUS 21,Nishan Velupillay,no tiene imagen
Australia,AUS 22,Nestoy Irakunda,no tiene imagen
Australia,AUS 23,Awer Mabil,no tiene imagen
Australia,AUS 24,Mohamed Touré,no tiene imagen
Australia,AUS 25,Cristian Volpato,no tiene imagen
Australia,AUS 26,Tete Yengi,no tiene imagen
Austria,AUT 1,Patrick Pentz,no tiene imagen
Austria,AUT 2,Alexander Schlager,no tiene imagen
Austria,AUT 3,Florian Wiegele,no tiene imagen
Austria,AUT 4,David Affengruber,no tiene imagen
Austria,AUT 5,David Alaba,no tiene imagen
Austria,AUT 6,Kevin Danso,no tiene imagen
Austria,AUT 7,Marco Friedl,no tiene imagen
Austria,AUT 8,Philipp Lienhart,no tiene imagen
Austria,AUT 9,Phillipp Mwene,no tiene imagen
Austria,AUT 10,Stefan Posch,no tiene imagen
Austria,AUT 11,Alexander Prass,no tiene imagen
Austria,AUT 12,Michael Svoboda,no tiene imagen
Austria,AUT 13,Christoph Baumgartner,no tiene imagen
Austria,AUT 14,Carney Chukwuemeka,no tiene imagen
Austria,AUT 15,Florian Grillitsch,no tiene imagen
Austria,AUT 16,Konrad Laimer,no tiene imagen
Austria,AUT 17,Marcel Sabitzer,no tiene imagen
Austria,AUT 18,Xavier Schlager,no tiene imagen
Austria,AUT 19,Romano Schimid,no tiene imagen
Austria,AUT 20,Alessandro Schöph,no tiene imagen
Austria,AUT 21,Nicolas Seiwald,no tiene imagen
Austria,AUT 22,Paul Wanner,no tiene imagen
Austria,AUT 23,Patrick Wimmer,no tiene imagen
Austria,AUT 24,Marko Arnautovic,no tiene imagen
Austria,AUT 25,Michael Gregoritsch,no tiene imagen
Austria,AUT 26,Sasa Kalajdzic,no tiene imagen
Belgica,BEL 1,Thibaut Courtois,no tiene imagen
Belgica,BEL 2,Senne Lammens,no tiene imagen
Belgica,BEL 3,Mike Penders,no tiene imagen
Belgica,BEL 4,Zeno Debast,no tiene imagen
Belgica,BEL 5,Arthur Theate,no tiene imagen
Belgica,BEL 6,Koni de Winter,no tiene imagen
Belgica,BEL 7,Brandon Mechele,no tiene imagen
Belgica,BEL 8,Nathan Ngoy,no tiene imagen
Belgica,BEL 9,Thomas Meunir,no tiene imagen
Belgica,BEL 10,Timothy Castagne,no tiene imagen
Belgica,BEL 11,Maxim de Cuyper,no tiene imagen
Belgica,BEL 12,Joaquin Seys,no tiene imagen
Belgica,BEL 13,Kevin de Bruyne,no tiene imagen
Belgica,BEL 14,Amadou Onana,no tiene imagen
Belgica,BEL 15,Youri Tielemans,no tiene imagen
Belgica,BEL 16,Hans Vanaken,no tiene imagen
Belgica,BEL 17,Nicolas Raskin,no tiene imagen
Belgica,BEL 18,Axel Witsel,no tiene imagen
Belgica,BEL 19,Jérémy Doku,no tiene imagen
Belgica,BEL 20,Leandro Trossard,no tiene imagen
Belgica,BEL 21,Alexis Saelemaekers,no tiene imagen
Belgica,BEL 22,Dodi Lukebakio,no tiene imagen
Belgica,BEL 23,Romelu Lukaku,no tiene imagen
Belgica,BEL 24,Charles de Ketelaere,no tiene imagen
Belgica,BEL 25,Matias Fernández-Pardo,no tiene imagen
Belgica,BEL 26,Diego Moreira,no tiene imagen
Bosnia y Herzegovina,BIH 1,Nikola Vasilj,tiene imagen
Bosnia y Herzegovina,BIH 2,Martin Zlomislic,no tiene imagen
Bosnia y Herzegovina,BIH 3,Osman Hadzikic,no tiene imagen
Bosnia y Herzegovina,BIH 4,Sead Kolasinac,tiene imagen
Bosnia y Herzegovina,BIH 5,Amar Dedic,no tiene imagen
Bosnia y Herzegovina,BIH 6,Nihad Mujakic,tiene imagen
Bosnia y Herzegovina,BIH 7,Nikola Katic,tiene imagen
Bosnia y Herzegovina,BIH 8,Tarik Muharemovic,no tiene imagen
Bosnia y Herzegovina,BIH 9,Stjepan Radeljic,no tiene imagen
Bosnia y Herzegovina,BIH 10,Dennis Hadzikadunic,no tiene imagen
Bosnia y Herzegovina,BIH 11,Nidal Celik,no tiene imagen
Bosnia y Herzegovina,BIH 12,Amir Hadziahmetovic,tiene imagen
Bosnia y Herzegovina,BIH 13,Ivan Sunjic,tiene imagen
Bosnia y Herzegovina,BIH 14,Ivan Basic,tiene imagen
Bosnia y Herzegovina,BIH 15,Dzenis Burnic,tiene imagen
Bosnia y Herzegovina,BIH 16,Ermin Mahmic,no tiene imagen
Bosnia y Herzegovina,BIH 17,Benjamin Tahirovic,tiene imagen
Bosnia y Herzegovina,BIH 18,Amar Memic,tiene imagen
Bosnia y Herzegovina,BIH 19,Armin Gigovic,tiene imagen
Bosnia y Herzegovina,BIH 20,Kerim Alajbegovic,no tiene imagen
Bosnia y Herzegovina,BIH 21,Esmir Bajraktarevic,tiene imagen
Bosnia y Herzegovina,BIH 22,Ermedin Demirovic,no tiene imagen
Bosnia y Herzegovina,BIH 23,Jovo Lukic,no tiene imagen
Bosnia y Herzegovina,BIH 24,Samed Bazdar,tiene imagen
Bosnia y Herzegovina,BIH 25,Haris Tabakovic,tiene imagen
Bosnia y Herzegovina,BIH 26,Edin Dzeko,tiene imagen
Brasil,BRA 1,Alisson,tiene imagen
Brasil,BRA 2,Ederson,tiene imagen
Brasil,BRA 3,Weverton,no tiene imagen
Brasil,BRA 4,Marquinhos,tiene imagen
Brasil,BRA 5,Gabriel Magalhães,tiene imagen
Brasil,BRA 6,Bremer,no tiene imagen
Brasil,BRA 7,Ibáñez,tiene imagen
Brasil,BRA 8,Léo Pereira,no tiene imagen
Brasil,BRA 9,Wesley,tiene imagen
Brasil,BRA 10,Danilo,tiene imagen
Brasil,BRA 10,Danilo,tiene imagen
Brasil,BRA 16,Danilo,tiene imagen
Brasil,BRA 16,Danilo,tiene imagen
Brasil,BRA 11,Alex Sandro,no tiene imagen
Brasil,BRA 12,Douglas Santos,no tiene imagen
Brasil,BRA 13,Casemiro,tiene imagen
Brasil,BRA 14,Bruno Guimarães,tiene imagen
Brasil,BRA 15,Fabinho,no tiene imagen
Brasil,BRA 17,Lucas Paquetá,tiene imagen
Brasil,BRA 18,Vinicius Jr.,tiene imagen
Brasil,BRA 19,Raphinha,tiene imagen
Brasil,BRA 20,Matheus Cunha,tiene imagen
Brasil,BRA 21,Luiz Henrique,no tiene imagen
Brasil,BRA 22,Igor Thiago,no tiene imagen
Brasil,BRA 23,Endrick,no tiene imagen
Brasil,BRA 24,Martinelli,tiene imagen
Brasil,BRA 25,Rayan,tiene imagen
Brasil,BRA 26,Neymar,no tiene imagen
Canada,CAN 1,Maxime Crépau,no tiene imagen
Canada,CAN 2,Owen Goodman,no tiene imagen
Canada,CAN 3,Dayne St. Clair,tiene imagen
Canada,CAN 4,Moïse Bombito,tiene imagen
Canada,CAN 5,Derek Cornelius,no tiene imagen
Canada,CAN 6,Alphonso Davies,no tiene imagen
Canada,CAN 7,Luc de Fougerolles,no tiene imagen
Canada,CAN 8,Alistair Johnston,tiene imagen
Canada,CAN 9,Alfie Jones,no tiene imagen
Canada,CAN 10,Richie Laryea,no tiene imagen
Canada,CAN 11,Niko Sigur,tiene imagen
Canada,CAN 12,Joel Waterman,no tiene imagen
Canada,CAN 13,Ali Ahmed,no tiene imagen
Canada,CAN 14,Tajon Buchanan,tiene imagen
Canada,CAN 15,Mathieu Chounière,no tiene imagen
Canada,CAN 16,Stephen Eustáquio,tiene imagen
Canada,CAN 17,Marcelo Flores,no tiene imagen
Canada,CAN 18,Ismäel Koné,tiene imagen
Canada,CAN 19,Liam Millar,tiene imagen
Canada,CAN 20,Jonathan Osorio,tiene imagen
Canada,CAN 21,Nathan Saliba,no tiene imagen
Canada,CAN 22,Jacob Shaffelburg,tiene imagen
Canada,CAN 23,Jonathan David,tiene imagen
Canada,CAN 24,Promise David,no tiene imagen
Canada,CAN 25,Cyle Larin,tiene imagen
Canada,CAN 26,Tani Oluwaseyi,no tiene imagen
Costa de Marfil,CIV 1,Yahia Fofana,tiene imagen
Costa de Marfil,CIV 2,Mohamed Kone,no tiene imagen
Costa de Marfil,CIV 3,Alban Lafont,no tiene imagen
Costa de Marfil,CIV 4,Emmanuel Agbadou,tiene imagen
Costa de Marfil,CIV 5,Clément Akpa,no tiene imagen
Costa de Marfil,CIV 6,Ousmane Diomande,tiene imagen
Costa de Marfil,CIV 7,Guéla Doué,no tiene imagen
Costa de Marfil,CIV 8,Ghislain Konan,no tiene imagen
Costa de Marfil,CIV 9,Odilon Kossounou,tiene imagen
Costa de Marfil,CIV 10,Evan N’Dicka,no tiene imagen
Costa de Marfil,CIV 11,Wilfried Singo,tiene imagen
Costa de Marfil,CIV 12,Seko Fofana,tiene imagen
Costa de Marfil,CIV 13,Parfait Guiagon,no tiene imagen
Costa de Marfil,CIV 14,Christ Inao Oulai,no tiene imagen
Costa de Marfil,CIV 15,Franck Kessié,tiene imagen
Costa de Marfil,CIV 16,Ibrahim Sangaré,tiene imagen
Costa de Marfil,CIV 17,Jean Michaël Seri,no tiene imagen
Costa de Marfil,CIV 18,Simón Adingra,tiene imagen
Costa de Marfil,CIV 19,Ange-Yoan Bonny,no tiene imagen
Costa de Marfil,CIV 20,Amad Diallo,tiene imagen
Costa de Marfil,CIV 21,Oumar Diakite,tiene imagen
Costa de Marfil,CIV 22,Yan Diomande,no tiene imagen
Costa de Marfil,CIV 23,Evann Guessand,tiene imagen
Costa de Marfil,CIV 24,Nicolas Pepe,no tiene imagen
Costa de Marfil,CIV 25,Bazoumana Toure,no tiene imagen
Costa de Marfil,CIV 26,Elye Wahi,no tiene imagen
Republica Democratica del Congo,COD 1,Timothy Fayulu,no tiene imagen
Republica Democratica del Congo,COD 2,Lionel Mpasi,no tiene imagen
Republica Democratica del Congo,COD 3,Mattieu Epolo,no tiene imagen
Republica Democratica del Congo,COD 4,Aaron Wan-Bissaka,no tiene imagen
Republica Democratica del Congo,COD 5,Gedeon Kalulu,no tiene imagen
Republica Democratica del Congo,COD 6,Chancel Mbemba,no tiene imagen
Republica Democratica del Congo,COD 7,Steve Kapuadi,no tiene imagen
Republica Democratica del Congo,COD 8,Axel Tuanzebe,no tiene imagen
Republica Democratica del Congo,COD 9,Dylan Batubinsika,no tiene imagen
Republica Democratica del Congo,COD 10,Rocky Bushiri,no tiene imagen
Republica Democratica del Congo,COD 11,Arthur Masuku,no tiene imagen
Republica Democratica del Congo,COD 12,Joris Kayembe,no tiene imagen
Republica Democratica del Congo,COD 13,Samuel Moutoussamy,no tiene imagen
Republica Democratica del Congo,COD 14,Ngal’Ayel Mukau,no tiene imagen
Republica Democratica del Congo,COD 15,Gael Kakuta,no tiene imagen
Republica Democratica del Congo,COD 16,Charles Pickel,no tiene imagen
Republica Democratica del Congo,COD 17,Noah Sadiki,no tiene imagen
Republica Democratica del Congo,COD 18,Edo Kayembe,no tiene imagen
Republica Democratica del Congo,COD 19,Théo Bongonda,no tiene imagen
Republica Democratica del Congo,COD 20,Nathanael Mbuku,no tiene imagen
Republica Democratica del Congo,COD 21,Cédric Bakambu,no tiene imagen
Republica Democratica del Congo,COD 22,Simon Banza,no tiene imagen
Republica Democratica del Congo,COD 23,Fiston Mayele,no tiene imagen
Republica Democratica del Congo,COD 24,Brian Cipenga,no tiene imagen
Republica Democratica del Congo,COD 25,Yoane Wissa,no tiene imagen
Republica Democratica del Congo,COD 26,Meschack Elia,no tiene imagen
Colombia,COL 1,Álvaro Montero,tiene imagen
Colombia,COL 2,Camilo Vargas,tiene imagen
Colombia,COL 3,David Ospina,tiene imagen
Colombia,COL 4,Daniel Muñoz,tiene imagen
Colombia,COL 5,Santiago Arias,tiene imagen
Colombia,COL 6,Dávinson Sánchez,tiene imagen
Colombia,COL 7,Jhon Lucumí,tiene imagen
Colombia,COL 8,Yerry Mina,tiene imagen
Colombia,COL 9,Willer Ditta,tiene imagen
Colombia,COL 10,Déiver Machado,tiene imagen
Colombia,COL 11,Johan Mojica,tiene imagen
Colombia,COL 12,Gustavo Puerta,tiene imagen
Colombia,COL 13,James Rodríguez,tiene imagen
Colombia,COL 14,Jefferson Lerma,tiene imagen
Colombia,COL 15,Jhon Arias,tiene imagen
Colombia,COL 16,Jorge Carrascal,tiene imagen
Colombia,COL 17,Juan Fernando Quintero,tiene imagen
Colombia,COL 18,Richard Ríos,tiene imagen
Colombia,COL 19,Kevin Castaño,tiene imagen
Colombia,COL 20,Jaminton Campaz,tiene imagen
Colombia,COL 21,Juan Portilla,tiene imagen
Colombia,COL 22,Luis Diaz,tiene imagen
Colombia,COL 23,Luis Suárez,tiene imagen
Colombia,COL 24,Jhon Córdoba,tiene imagen
Colombia,COL 25,Carlos Gómez,tiene imagen
Colombia,COL 26,Juan Camilo Hernández,tiene imagen
Cabo Verde,CPV 1,Josimar Dias,no tiene imagen
Cabo Verde,CPV 2,Márcio da Rosa,no tiene imagen
Cabo Verde,CPV 3,Carlos Santos,no tiene imagen
Cabo Verde,CPV 4,Steven Moreira,no tiene imagen
Cabo Verde,CPV 5,Wagner Pina,no tiene imagen
Cabo Verde,CPV 6,João Paulo Fernandes,no tiene imagen
Cabo Verde,CPV 7,Sidny Lopes Cabral,no tiene imagen
Cabo Verde,CPV 8,Logan Costa,no tiene imagen
Cabo Verde,CPV 9,Roberto Lopes,no tiene imagen
Cabo Verde,CPV 10,Kelvin Pires,no tiene imagen
Cabo Verde,CPV 11,Ianique Tavares,no tiene imagen
Cabo Verde,CPV 12,Edilson Borges,no tiene imagen
Cabo Verde,CPV 13,Jamiro Monteiro,no tiene imagen
Cabo Verde,CPV 14,Telmo Arcanjo,no tiene imagen
Cabo Verde,CPV 15,Yannick Semedo,no tiene imagen
Cabo Verde,CPV 16,Laros Duarte,no tiene imagen
Cabo Verde,CPV 17,Deroy Duarte,no tiene imagen
Cabo Verde,CPV 18,Kevin Pina,no tiene imagen
Cabo Verde,CPV 19,Ryan Mendes,no tiene imagen
Cabo Verde,CPV 20,Willy Semedo,no tiene imagen
Cabo Verde,CPV 21,Garry Rodrigues,no tiene imagen
Cabo Verde,CPV 22,Jovane Cabral,no tiene imagen
Cabo Verde,CPV 23,Nuno da Costa,no tiene imagen
Cabo Verde,CPV 24,Dailon Livramento,no tiene imagen
Cabo Verde,CPV 25,Gilson Benchimol,no tiene imagen
Cabo Verde,CPV 26,Hélio Varela,no tiene imagen
Croacia,CRO 1,Dominic Livakovic,no tiene imagen
Croacia,CRO 2,Dominik Kotarski,no tiene imagen
Croacia,CRO 3,Ivor Pandur,no tiene imagen
Croacia,CRO 4,Josko Gvardiol,tiene imagen
Croacia,CRO 5,Duje Caleta-Car,no tiene imagen
Croacia,CRO 6,Josip Sutalo,tiene imagen
Croacia,CRO 7,Josip Stanisic,tiene imagen
Croacia,CRO 8,Marin Pongracic,no tiene imagen
Croacia,CRO 9,Martin Erlic,no tiene imagen
Croacia,CRO 10,Luka Vuskovic,tiene imagen
Croacia,CRO 11,Luka Modric,tiene imagen
Croacia,CRO 12,Mateo Kovacic,tiene imagen
Croacia,CRO 13,Mario Pasalic,tiene imagen
Croacia,CRO 14,Nikola Vlasic,no tiene imagen
Croacia,CRO 15,Luka Sucic,no tiene imagen
Croacia,CRO 16,Martin Baturina,tiene imagen
Croacia,CRO 17,Kristijan Jakic,no tiene imagen
Croacia,CRO 18,Petar Sucic,no tiene imagen
Croacia,CRO 19,Nikola Moro,no tiene imagen
Croacia,CRO 20,Toni Fruk,no tiene imagen
Croacia,CRO 21,Ivan Perisic,no tiene imagen
Croacia,CRO 22,Andrej Kramaric,tiene imagen
Croacia,CRO 23,Ante Budimir,no tiene imagen
Croacia,CRO 24,Marco Pasalic,tiene imagen
Croacia,CRO 25,Petar Musa,no tiene imagen
Croacia,CRO 26,Igor Matanovic,no tiene imagen
Curazao,CUW 1,Tyrick Bodak,no tiene imagen
Curazao,CUW 2,Trevor Doornbusch,no tiene imagen
Curazao,CUW 3,Eloy Room,no tiene imagen
Curazao,CUW 4,Riechedly Bazoer,no tiene imagen
Curazao,CUW 5,Joshua Brenet,no tiene imagen
Curazao,CUW 6,Roshon Van Eijma,no tiene imagen
Curazao,CUW 7,Sherel Floranus,no tiene imagen
Curazao,CUW 8,Deveron Fonville,no tiene imagen
Curazao,CUW 9,Jurïen Gaari,no tiene imagen
Curazao,CUW 10,Armando Obispo,no tiene imagen
Curazao,CUW 11,Shurandy Sambo,no tiene imagen
Curazao,CUW 12,Juninho Bacuna,no tiene imagen
Curazao,CUW 13,Leandro Bacuna,no tiene imagen
Curazao,CUW 14,Livano Comenencia,no tiene imagen
Curazao,CUW 15,Kevin Felida,no tiene imagen
Curazao,CUW 16,Arjany Martha,no tiene imagen
Curazao,CUW 17,Tyrese Noslin,no tiene imagen
Curazao,CUW 18,Godfried Roemeratoe,no tiene imagen
Curazao,CUW 19,Jeremy Antonisse,no tiene imagen
Curazao,CUW 20,Tahith Chong,no tiene imagen
Curazao,CUW 21,Kenji Gorré,no tiene imagen
Curazao,CUW 22,Sontje Hansen,no tiene imagen
Curazao,CUW 23,Gervane Kastaneer,no tiene imagen
Curazao,CUW 24,Brandley Kuwas,no tiene imagen
Curazao,CUW 25,Jürgen Locadia,no tiene imagen
Curazao,CUW 26,Jearl Margaritha,no tiene imagen
Republica Checa,CZE 1,Lukas Hornicek,no tiene imagen
Republica Checa,CZE 2,Matej Kovar,tiene imagen
Republica Checa,CZE 3,Jindrich Stanek,tiene imagen
Republica Checa,CZE 4,Ladislav Krejci,no tiene imagen
Republica Checa,CZE 5,Robin Hranac,no tiene imagen
Republica Checa,CZE 6,Stepan Chaloupek,no tiene imagen
Republica Checa,CZE 7,David Zima 8Slavia Praga),tiene imagen
Republica Checa,CZE 8,Tomas Holes,tiene imagen
Republica Checa,CZE 9,Jaroslav Zeleny,no tiene imagen
Republica Checa,CZE 10,David Jurasek,no tiene imagen
Republica Checa,CZE 11,Vladimir Coufal,tiene imagen
Republica Checa,CZE 12,Tomas Soucek,tiene imagen
Republica Checa,CZE 13,Michal Sadilek,tiene imagen
Republica Checa,CZE 14,Lukas Cerv,tiene imagen
Republica Checa,CZE 15,Hugo Sochurek,no tiene imagen
Republica Checa,CZE 16,Alexander Sojka,no tiene imagen
Republica Checa,CZE 17,Vladimir Darida,no tiene imagen
Republica Checa,CZE 18,David Doudera,no tiene imagen
Republica Checa,CZE 19,Pavel Sulc,tiene imagen
Republica Checa,CZE 20,Denis Visinsky,no tiene imagen
Republica Checa,CZE 21,Patrick Schick,no tiene imagen
Republica Checa,CZE 22,Lukas Provod,tiene imagen
Republica Checa,CZE 23,Adam Hlozek,tiene imagen
Republica Checa,CZE 24,Mojmir Chytil,no tiene imagen
Republica Checa,CZE 25,Jan Kuchta,no tiene imagen
Republica Checa,CZE 26,Tomas Chory,tiene imagen
Ecuador,ECU 1,Hernán Galíndez,tiene imagen
Ecuador,ECU 2,Moisés Ramírez,no tiene imagen
Ecuador,ECU 3,Gonzalo Valle,tiene imagen
Ecuador,ECU 4,Willian Pacho,tiene imagen
Ecuador,ECU 5,Piero Hincapié,tiene imagen
Ecuador,ECU 6,Joel Ordóñez,tiene imagen
Ecuador,ECU 7,Jackson Porozo,no tiene imagen
Ecuador,ECU 8,Félix Torres,no tiene imagen
Ecuador,ECU 9,Pervis Estupiñán,tiene imagen
Ecuador,ECU 10,Yaimar Medina,no tiene imagen
Ecuador,ECU 11,Ángelo Preciado,tiene imagen
Ecuador,ECU 12,Moisés Caicedo,tiene imagen
Ecuador,ECU 13,Jordi Alcívar,no tiene imagen
Ecuador,ECU 14,Denil Castillo,no tiene imagen
Ecuador,ECU 15,Alan Franco,tiene imagen
Ecuador,ECU 16,Kendry Páez,tiene imagen
Ecuador,ECU 17,Nilson Angulo,tiene imagen
Ecuador,ECU 18,Gonzalo Plata,tiene imagen
Ecuador,ECU 19,John Yeboah,no tiene imagen
Ecuador,ECU 20,Enner Valencia,tiene imagen
Ecuador,ECU 21,Jordy Caicedo,no tiene imagen
Ecuador,ECU 22,Jeremy Arévalo,no tiene imagen
Ecuador,ECU 23,Anthony Valencia,no tiene imagen
Ecuador,ECU 24,Kevin Rodríguez,tiene imagen
Egipto,EGY 1,Mohamed El Shenawy,no tiene imagen
Egipto,EGY 2,Mostafa Shobeir,no tiene imagen
Egipto,EGY 3,Al-Mahdy Soliman,no tiene imagen
Egipto,EGY 4,Mohamed Alaa,no tiene imagen
Egipto,EGY 5,Mohamed Hany,no tiene imagen
Egipto,EGY 6,Tarek El Ala,no tiene imagen
Egipto,EGY 7,Hamdi Fathy,no tiene imagen
Egipto,EGY 8,Ramy Rabia,no tiene imagen
Egipto,EGY 9,Yasser Ibrahim,no tiene imagen
Egipto,EGY 10,Hossam Abdel-Maguid,no tiene imagen
Egipto,EGY 11,Mohamed Abdelmonem,no tiene imagen
Egipto,EGY 12,Ahmed Fotouh,no tiene imagen
Egipto,EGY 13,Karim Hafez,no tiene imagen
Egipto,EGY 14,Marwan Attia,no tiene imagen
Egipto,EGY 15,Mohand Lashin,no tiene imagen
Egipto,EGY 16,Nabil Emad Dunga,no tiene imagen
Egipto,EGY 17,Mahmoud Saber,no tiene imagen
Egipto,EGY 18,Ahmed Sayed Zizo,no tiene imagen
Egipto,EGY 19,Imam Ashour,no tiene imagen
Egipto,EGY 20,Mostafa Abdel-Raouf Ziko,no tiene imagen
Egipto,EGY 21,Mahmoud Trezeguet,no tiene imagen
Egipto,EGY 22,Ibrahim Ade (Pyramids FC)l,no tiene imagen
Egipto,EGY 23,Haithem Hassan,no tiene imagen
Egipto,EGY 24,Mohamed Salah,no tiene imagen
Egipto,EGY 25,Omar Marmoush,no tiene imagen
Egipto,EGY 26,Aktai Abdullah,no tiene imagen
Egipto,EGY 27,Hamza Abdelkarim,no tiene imagen
Inglaterra,ENG 1,Jordan Pickford,tiene imagen
Inglaterra,ENG 2,Dean Henderson,no tiene imagen
Inglaterra,ENG 3,James Trafford,no tiene imagen
Inglaterra,ENG 4,Reece James,tiene imagen
Inglaterra,ENG 5,Tino Livramento,no tiene imagen
Inglaterra,ENG 6,John Stones,tiene imagen
Inglaterra,ENG 7,Marc Guéhi,tiene imagen
Inglaterra,ENG 8,Ezri Konsa,tiene imagen
Inglaterra,ENG 9,Dan Burn,tiene imagen
Inglaterra,ENG 10,Jarell Quansah,no tiene imagen
Inglaterra,ENG 11,Nico O’Reilly,no tiene imagen
Inglaterra,ENG 12,Djed Spence,no tiene imagen
Inglaterra,ENG 13,Jordan Henderson,tiene imagen
Inglaterra,ENG 14,Elliot Anderson,no tiene imagen
Inglaterra,ENG 15,Declan Rice,tiene imagen
Inglaterra,ENG 16,Kobbie Mainoo,no tiene imagen
Inglaterra,ENG 17,Eberechi Eze,no tiene imagen
Inglaterra,ENG 18,Jude Bellingham,tiene imagen
Inglaterra,ENG 19,Morgan Rogers,tiene imagen
Inglaterra,ENG 20,Bukayo Saka,tiene imagen
Inglaterra,ENG 21,Noni Madueke,no tiene imagen
Inglaterra,ENG 22,Marcus Rashford,tiene imagen
Inglaterra,ENG 23,Anthony Gordon,tiene imagen
Inglaterra,ENG 24,Harry Kane,tiene imagen
Inglaterra,ENG 25,Ollie Watkins,tiene imagen
Inglaterra,ENG 26,Ivan Toney,no tiene imagen
Espana,ESP 1,Unai Simón,tiene imagen
Espana,ESP 2,David Raya,no tiene imagen
Espana,ESP 3,Joan García,no tiene imagen
Espana,ESP 4,Pedro Porro,tiene imagen
Espana,ESP 5,Marcos Llorente,no tiene imagen
Espana,ESP 6,Marc Cucurella,tiene imagen
Espana,ESP 7,Alex Grimaldo,no tiene imagen
Espana,ESP 8,Aymeric Laporte,tiene imagen
Espana,ESP 9,Pau Cubarsí,no tiene imagen
Espana,ESP 10,Marc Pubill,no tiene imagen
Espana,ESP 11,Eric García,no tiene imagen
Espana,ESP 12,Rodri,tiene imagen
Espana,ESP 13,Martín Zubimendi,tiene imagen
Espana,ESP 14,Fabián Ruiz,tiene imagen
Espana,ESP 15,Pedri,tiene imagen
Espana,ESP 16,Dani Olmo,tiene imagen
Espana,ESP 17,Gavi,no tiene imagen
Espana,ESP 18,Alex Baena,no tiene imagen
Espana,ESP 19,Mikel Merino,tiene imagen
Espana,ESP 20,Lamine Yamal,tiene imagen
Espana,ESP 21,Nico Williams,tiene imagen
Espana,ESP 22,Mikel Oyarzabal,no tiene imagen
Espana,ESP 23,Ferran Torres,tiene imagen
Espana,ESP 24,Yeremi Pino,no tiene imagen
Espana,ESP 25,Victor Muñoz,no tiene imagen
Espana,ESP 26,Borja Iglesias,no tiene imagen
Francia,FRA 1,Mike Maignan,tiene imagen
Francia,FRA 2,Brice Samba,no tiene imagen
Francia,FRA 3,Robin Risser,no tiene imagen
Francia,FRA 4,Jules Kounde,tiene imagen
Francia,FRA 5,Malo Gusto,no tiene imagen
Francia,FRA 6,William Saliba,tiene imagen
Francia,FRA 7,Dayot Upamecano,tiene imagen
Francia,FRA 8,Ibrahima Konaté,tiene imagen
Francia,FRA 9,Lucas Hernández,no tiene imagen
Francia,FRA 10,Theo Hernández,tiene imagen
Francia,FRA 11,Lucas Digne,tiene imagen
Francia,FRA 12,Maxence Lacroix,no tiene imagen
Francia,FRA 13,Aurélien Tchouaméni,tiene imagen
Francia,FRA 14,Adrien Rabiot,tiene imagen
Francia,FRA 15,N’Golo Kanté,no tiene imagen
Francia,FRA 16,Warren Zaïre-Emery,no tiene imagen
Francia,FRA 17,Manu Koné,tiene imagen
Francia,FRA 18,Kylian Mbappé,tiene imagen
Francia,FRA 19,Michael Olise,tiene imagen
Francia,FRA 20,Ousmane Dembélé,tiene imagen
Francia,FRA 21,Désiré Doué,tiene imagen
Francia,FRA 22,Bradley Barcola,tiene imagen
Francia,FRA 23,Marcus Thuram,no tiene imagen
Francia,FRA 24,Maghnes Akliouche,no tiene imagen
Francia,FRA 25,Jean-Philippe Mateta,no tiene imagen
Francia,FRA 26,Rayan Cherki,no tiene imagen
Alemania,GER 1,Manuel Neuer,GER1.png
Alemania,GER 2,Oliver Baumann,GER2.png
Alemania,GER 3,Alexander Nübel,GER3.png
Alemania,GER 4,Waldemar Anton,tiene imagen
Alemania,GER 5,Nathaniel Brown,no tiene imagen
Alemania,GER 6,Pascal Groß,no tiene imagen
Alemania,GER 7,Joshua Kimmich,tiene imagen
Alemania,GER 8,David Raum,tiene imagen
Alemania,GER 9,Antonio Rüdiger,tiene imagen
Alemania,GER 10,Nico Schlotterbeck,tiene imagen
Alemania,GER 11,Jonathan Tah,tiene imagen
Alemania,GER 12,Malick Thiaw,no tiene imagen
Alemania,GER 13,Aleksandar Pavlovic,no tiene imagen
Alemania,GER 14,Jamal Musiala,tiene imagen
Alemania,GER 15,Nadiem Amiri,no tiene imagen
Alemania,GER 16,Jamie Leweling,no tiene imagen
Alemania,GER 17,Felix Nmecha,no tiene imagen
Alemania,GER 18,Angelo Stiller,no tiene imagen
Alemania,GER 19,Leon Goretzka,tiene imagen
Alemania,GER 20,Lennart Karl,no tiene imagen
Alemania,GER 21,Florian Wirtz,tiene imagen
Alemania,GER 22,Deniz Undav,no tiene imagen
Alemania,GER 23,Kai Havertz,no tiene imagen
Alemania,GER 24,Maximilian Beier,no tiene imagen
Alemania,GER 25,Leroy Sané,tiene imagen
Alemania,GER 26,Nick Woltemade,tiene imagen
Ghana,GHA 1,Benjamin Asare,no tiene imagen
Ghana,GHA 2,Lawrence Ati-Zigi,no tiene imagen
Ghana,GHA 3,Joseph Anang,no tiene imagen
Ghana,GHA 4,Baba Abdul Rahman,no tiene imagen
Ghana,GHA 5,Gideon Mensah,no tiene imagen
Ghana,GHA 6,Marvin Senaya,no tiene imagen
Ghana,GHA 7,Alidu Seidu,no tiene imagen
Ghana,GHA 8,Abdul Mumin,no tiene imagen
Ghana,GHA 9,Jerome Opoku,no tiene imagen
Ghana,GHA 10,Jonas Adjetey,no tiene imagen
Ghana,GHA 11,Kojo Oppong Peprah,no tiene imagen
Ghana,GHA 12,Derrick Luckassen,no tiene imagen
Ghana,GHA 13,Elisha Owusu,no tiene imagen
Ghana,GHA 14,Thomas Partey,no tiene imagen
Ghana,GHA 15,Kwasi Sibo,no tiene imagen
Ghana,GHA 16,Augustine Boakye,no tiene imagen
Ghana,GHA 17,Caleb Yirenky,no tiene imagen
Ghana,GHA 18,Abdul Fatawu Issahaku,no tiene imagen
Ghana,GHA 19,Kamal Deen Sulemana,no tiene imagen
Ghana,GHA 20,Cristopher Bonsu Baah,no tiene imagen
Ghana,GHA 21,Ernest Nuamah,no tiene imagen
Ghana,GHA 22,Antoine Semenyo,no tiene imagen
Ghana,GHA 23,Brandon Thomas-Asante,no tiene imagen
Ghana,GHA 24,Prince Kwabena Adu,no tiene imagen
Ghana,GHA 25,Iñaki Williams,no tiene imagen
Ghana,GHA 26,Jordan Ayew,no tiene imagen
Haiti,HAI 1,Johnny Placide,no tiene imagen
Haiti,HAI 2,Alexandre Pierre,no tiene imagen
Haiti,HAI 3,Josué Duverger,no tiene imagen
Haiti,HAI 4,Carlens Arcus,tiene imagen
Haiti,HAI 5,Wilguens Paugain,no tiene imagen
Haiti,HAI 6,Duke Lacroix,tiene imagen
Haiti,HAI 7,Martin Experience,tiene imagen
Haiti,HAI 8,JK Duverne,no tiene imagen
Haiti,HAI 9,Ricardo Adé,tiene imagen
Haiti,HAI 10,Hannes Delcroix,tiene imagen
Haiti,HAI 11,Keeto Thermoncy,no tiene imagen
Haiti,HAI 12,Leverton Pierre,tiene imagen
Haiti,HAI 13,Carl-Fred Sainthe,no tiene imagen
Haiti,HAI 14,Jean-Jacques Danley,tiene imagen
Haiti,HAI 15,Jeanricner Bellegarde,no tiene imagen
Haiti,HAI 16,Pierre Woodenski,no tiene imagen
Haiti,HAI 17,Dominique Simon,no tiene imagen
Haiti,HAI 18,Louicius Deedson,tiene imagen
Haiti,HAI 19,Ruben Providence,tiene imagen
Haiti,HAI 20,Josué Casimir,tiene imagen
Haiti,HAI 21,Derrick Etienne,tiene imagen
Haiti,HAI 22,Wilson Isidor,no tiene imagen
Haiti,HAI 23,Duckens Nazon,tiene imagen
Haiti,HAI 24,Frantzdy Pierrot,tiene imagen
Haiti,HAI 25,Yassin Fortune,no tiene imagen
Haiti,HAI 26,Lenny Joseph,no tiene imagen
Iran,IRN 1,Alireza Beyranvand,no tiene imagen
Iran,IRN 2,Hosein Hoseini,no tiene imagen
Iran,IRN 3,Payam Niazmand,no tiene imagen
Iran,IRN 4,Shoja Khalilzadeh,no tiene imagen
Iran,IRN 5,Hosein Kanaani,no tiene imagen
Iran,IRN 6,Ali Nemati,no tiene imagen
Iran,IRN 7,Danial Eiri,no tiene imagen
Iran,IRN 8,Ehsan Hajisafi,no tiene imagen
Iran,IRN 9,Milad Mohammadi,no tiene imagen
Iran,IRN 10,Saleh Hardani,no tiene imagen
Iran,IRN 11,Ramin Rezaeiyan,no tiene imagen
Iran,IRN 12,Saman Ghodoos,no tiene imagen
Iran,IRN 13,Saeid Ezatollahi,no tiene imagen
Iran,IRN 14,Rouzbeh Cheshmi,no tiene imagen
Iran,IRN 15,Amir Mohammad Razagh Niya,no tiene imagen
Iran,IRN 16,Mohammad Ghorbani,no tiene imagen
Iran,IRN 17,Mehdi Ghayedi,no tiene imagen
Iran,IRN 18,Ariya Yousefi,no tiene imagen
Iran,IRN 19,Alireza Jahanbakhsh,no tiene imagen
Iran,IRN 20,Mehdi Torabi,no tiene imagen
Iran,IRN 21,Mohammad Mohebbi,no tiene imagen
Iran,IRN 22,Mehdi Taremi,no tiene imagen
Iran,IRN 23,Amirhossein Hosseinzadeh,no tiene imagen
Iran,IRN 24,Denis Dargahi,no tiene imagen
Iran,IRN 25,Ali Alipour,no tiene imagen
Iran,IRN 26,Shahriyar Moghanloo,no tiene imagen
Irak,IRQ 1,Jalal Hassan,no tiene imagen
Irak,IRQ 2,Ahmed Basil,no tiene imagen
Irak,IRQ 3,Fahad Talib,no tiene imagen
Irak,IRQ 4,Hussein Ali,no tiene imagen
Irak,IRQ 5,Manaf Younis,no tiene imagen
Irak,IRQ 6,Zaid Tahseen,no tiene imagen
Irak,IRQ 7,Rebin Sulaka,no tiene imagen
Irak,IRQ 8,Akam Hashem,no tiene imagen
Irak,IRQ 9,Merchas Doski,no tiene imagen
Irak,IRQ 10,Ahmed Yahya,no tiene imagen
Irak,IRQ 11,Frans Putros,no tiene imagen
Irak,IRQ 12,Mustafa Saadoon,no tiene imagen
Irak,IRQ 13,Zaid Ismail,no tiene imagen
Irak,IRQ 14,Amir Al Ammari,no tiene imagen
Irak,IRQ 15,Kevin Yakob,no tiene imagen
Irak,IRQ 16,Zidane Iqbal,no tiene imagen
Irak,IRQ 17,Aimar Sher,no tiene imagen
Irak,IRQ 18,Youssef Amyn,no tiene imagen
Irak,IRQ 19,Ibrahim Bayesh,no tiene imagen
Irak,IRQ 20,Ahmed Qasem,no tiene imagen
Irak,IRQ 21,Marko Farji,no tiene imagen
Irak,IRQ 22,Ali Jasim,no tiene imagen
Irak,IRQ 23,Ali Al Hamadi,no tiene imagen
Irak,IRQ 24,Ali Yousif,no tiene imagen
Irak,IRQ 25,Aymen Hussein,no tiene imagen
Irak,IRQ 26,Mohanad Ali,no tiene imagen
Jordania,JOR 1,Nour Bani Attia,no tiene imagen
Jordania,JOR 2,Yazeed Abu Laila,no tiene imagen
Jordania,JOR 3,Abdullah Al-Fakhoury,no tiene imagen
Jordania,JOR 4,Abdullah Naseeb,no tiene imagen
Jordania,JOR 5,Saad Al-Rousan,no tiene imagen
Jordania,JOR 6,Yazan Al-Arab,no tiene imagen
Jordania,JOR 7,Saleem Obeid,no tiene imagen
Jordania,JOR 8,Mohammad Abu Al-Nadi,no tiene imagen
Jordania,JOR 9,Hussam Abu Dahab,no tiene imagen
Jordania,JOR 10,Ihsan Haddad,no tiene imagen
Jordania,JOR 11,Anas Badawi,no tiene imagen
Jordania,JOR 12,Mohammad Abu Hashish,no tiene imagen
Jordania,JOR 13,Nour Al-Rawabdeh,no tiene imagen
Jordania,JOR 14,Nizar Al-Rashdan,no tiene imagen
Jordania,JOR 15,Ibrahim Saadeh,no tiene imagen
Jordania,JOR 16,Rajai Ayed,no tiene imagen
Jordania,JOR 17,Amer Jamous,no tiene imagen
Jordania,JOR 18,Muhannad Abu Taha,no tiene imagen
Jordania,JOR 19,Mohammad Al-Dawood,no tiene imagen
Jordania,JOR 20,Mahmoud Mardi,no tiene imagen
Jordania,JOR 21,Awda Al-Fakhoury,no tiene imagen
Jordania,JOR 22,Mousa Al-Taamari,no tiene imagen
Jordania,JOR 23,Mohammad Abu Zureiq,no tiene imagen
Jordania,JOR 24,Ali Azayza,no tiene imagen
Jordania,JOR 25,Ibrahim Sabra,no tiene imagen
Jordania,JOR 26,Ali Alwan,no tiene imagen
Japon,JPN 1,Zion Suzuki,tiene imagen
Japon,JPN 2,Keisuke Osako,no tiene imagen
Japon,JPN 3,Tomoki Hayakawa,no tiene imagen
Japon,JPN 4,Yuto Nagamoto,no tiene imagen
Japon,JPN 5,Shogo Taniguchi,tiene imagen
Japon,JPN 6,Ko Itakura,no tiene imagen
Japon,JPN 7,Takehiro Tomisayu,no tiene imagen
Japon,JPN 8,Ayumu Seko,tiene imagen
Japon,JPN 9,Yukinari Sugawara,no tiene imagen
Japon,JPN 10,Hiroki Ito,no tiene imagen
Japon,JPN 11,Junnosuke Suzuki,tiene imagen
Japon,JPN 12,Tsuyoshi Watanabe,no tiene imagen
Japon,JPN 13,Kaishu Sano,tiene imagen
Japon,JPN 14,Wataru Endo,no tiene imagen
Japon,JPN 15,Ao Tanaka,tiene imagen
Japon,JPN 16,Daichi Kamada,tiene imagen
Japon,JPN 17,Junya Ito,tiene imagen
Japon,JPN 18,Kaito Nakamura,no tiene imagen
Japon,JPN 19,Daizen Maeda,no tiene imagen
Japon,JPN 20,Koki Ogawa,tiene imagen
Japon,JPN 21,Takefusa Kubo,tiene imagen
Japon,JPN 22,Yuito Suzuki,no tiene imagen
Japon,JPN 23,Kento Shiogai,no tiene imagen
Japon,JPN 24,Keisuke Goto,no tiene imagen
Japon,JPN 25,Ritsu Doan,tiene imagen
Japon,JPN 26,Ayase Ueda,tiene imagen
Corea del Sur,KOR 1,Kim Seung-Gyu,tiene imagen
Corea del Sur,KOR 2,Song Bum Keun,no tiene imagen
Corea del Sur,KOR 3,Jo Hyeon-Woo,no tiene imagen
Corea del Sur,KOR 4,Kim Moon-Hwan,no tiene imagen
Corea del Sur,KOR 5,Kim Min-Jae,tiene imagen
Corea del Sur,KOR 6,Kim Tae-Hwan,no tiene imagen
Corea del Sur,KOR 7,Park Jin-Seob,no tiene imagen
Corea del Sur,KOR 8,Seol Young-Woo,no tiene imagen
Corea del Sur,KOR 9,Jens Castrop,tiene imagen
Corea del Sur,KOR 10,Lee Ki-Hyuk,no tiene imagen
Corea del Sur,KOR 11,Lee Tae-Seok,no tiene imagen
Corea del Sur,KOR 12,Lee Han-Beom,no tiene imagen
Corea del Sur,KOR 13,Cho Yumin,no tiene imagen
Corea del Sur,KOR 14,Kim Jin-Gyu,no tiene imagen
Corea del Sur,KOR 15,Bae Jun-Ho,no tiene imagen
Corea del Sur,KOR 16,Paik Seung-Ho,no tiene imagen
Corea del Sur,KOR 17,Yang Hyun-Jun,no tiene imagen
Corea del Sur,KOR 18,Eom Ji-Sung,no tiene imagen
Corea del Sur,KOR 19,Lee Kang-In,no tiene imagen
Corea del Sur,KOR 20,Lee Dong-Gyeong,no tiene imagen
Corea del Sur,KOR 21,Lee Jjae-Sung )Mainz 05),no tiene imagen
Corea del Sur,KOR 22,Hwang In-Beom,no tiene imagen
Corea del Sur,KOR 23,Hwang Hee-Chan,no tiene imagen
Corea del Sur,KOR 24,Song Heung-Min,no tiene imagen
Corea del Sur,KOR 25,Oh Hyeon-Gyu,no tiene imagen
Corea del Sur,KOR 26,Cho Gue-Sung,no tiene imagen
Arabia Saudita,KSA 1,Ahmed Alkassar,no tiene imagen
Arabia Saudita,KSA 2,Mohammed Alowais,no tiene imagen
Arabia Saudita,KSA 3,Nawaf Alaqidi,no tiene imagen
Arabia Saudita,KSA 4,Abdulelah Alamri,no tiene imagen
Arabia Saudita,KSA 5,Ali Lajami,no tiene imagen
Arabia Saudita,KSA 6,Ali Majrashi,no tiene imagen
Arabia Saudita,KSA 7,Hassan Kadish,no tiene imagen
Arabia Saudita,KSA 8,Hassan Altambakti,no tiene imagen
Arabia Saudita,KSA 9,Jehad Thikri,no tiene imagen
Arabia Saudita,KSA 10,Mohammed Abualshamat,no tiene imagen
Arabia Saudita,KSA 11,Moteb Alharbi,no tiene imagen
Arabia Saudita,KSA 12,Nawaf Buwashl,no tiene imagen
Arabia Saudita,KSA 13,Saud Abdulhamid,no tiene imagen
Arabia Saudita,KSA 14,Abdullah Alkhaibari,no tiene imagen
Arabia Saudita,KSA 15,Aiman Yahya,no tiene imagen
Arabia Saudita,KSA 16,Khalid Alghannam,no tiene imagen
Arabia Saudita,KSA 17,Mohamed Kanno,no tiene imagen
Arabia Saudita,KSA 18,Musab Aljuwayr,no tiene imagen
Arabia Saudita,KSA 19,Nasser Aldawsari,no tiene imagen
Arabia Saudita,KSA 20,Salem Aldawsari,no tiene imagen
Arabia Saudita,KSA 21,Sultan Mandash,no tiene imagen
Arabia Saudita,KSA 22,Ziyad Aljohani,no tiene imagen
Arabia Saudita,KSA 23,Alaa Al-Hejji,no tiene imagen
Arabia Saudita,KSA 24,Abdullah Alhamddan,no tiene imagen
Arabia Saudita,KSA 25,Feras Albrikan,no tiene imagen
Arabia Saudita,KSA 26,Saleh Alshehri,no tiene imagen
Marruecos,MAR 1,Yassine Bounou,tiene imagen
Marruecos,MAR 2,Munir El Kajoui,tiene imagen
Marruecos,MAR 3,Ajmed Reda Tagnaouti,no tiene imagen
Marruecos,MAR 4,Achraf Hakimi,tiene imagen
Marruecos,MAR 5,Nayef Aguerd,no tiene imagen
Marruecos,MAR 6,Noussair Mazraoui,tiene imagen
Marruecos,MAR 7,Anass Salah-Eddine,no tiene imagen
Marruecos,MAR 8,Chadi Riad,no tiene imagen
Marruecos,MAR 9,Youssef Belammari,no tiene imagen
Marruecos,MAR 10,Issa Diop,no tiene imagen
Marruecos,MAR 11,Redouane Hahlal,no tiene imagen
Marruecos,MAR 12,Zakaria El Ouahdi,no tiene imagen
Marruecos,MAR 13,Sofyan Amrabat,tiene imagen
Marruecos,MAR 14,Ismael Saibari,no tiene imagen
Marruecos,MAR 15,Neil El Aynaoui,no tiene imagen
Marruecos,MAR 16,Bilal El Khannouss,tiene imagen
Marruecos,MAR 17,Azzedine Ounahi,no tiene imagen
Marruecos,MAR 18,Bouaddi,no tiene imagen
Marruecos,MAR 19,Samir El Mourabet,no tiene imagen
Marruecos,MAR 20,Brahim Díaz,tiene imagen
Marruecos,MAR 21,Chemsdine Talbi,no tiene imagen
Marruecos,MAR 22,Ayoub El Kaabi,tiene imagen
Marruecos,MAR 23,Soufiane Rahimi,tiene imagen
Marruecos,MAR 24,Abde Ezzalzouli,tiene imagen
Marruecos,MAR 25,Ayoube Amaimouni,no tiene imagen
Marruecos,MAR 26,Yassine Gessime,no tiene imagen
Mexico,MEX 1,Raúl Rangel,no tiene imagen
Mexico,MEX 2,Carlos Acevedo,no tiene imagen
Mexico,MEX 3,Guillermo Ochoa,no tiene imagen
Mexico,MEX 4,Israel Reyes,tiene imagen
Mexico,MEX 5,Jorge Sánchez,no tiene imagen
Mexico,MEX 6,César Montes,tiene imagen
Mexico,MEX 7,Edsol Álvarez,no tiene imagen
Mexico,MEX 8,Johan Vásquez,tiene imagen
Mexico,MEX 9,Jesús Gallardo,tiene imagen
Mexico,MEX 10,Mateo Chávez,no tiene imagen
Mexico,MEX 11,Álvaro Fidalgo,no tiene imagen
Mexico,MEX 12,Brian Gutiérrez,no tiene imagen
Mexico,MEX 13,Orbelín Pineda,tiene imagen
Mexico,MEX 14,Erik Lira,no tiene imagen
Mexico,MEX 15,Luis Romo,no tiene imagen
Mexico,MEX 16,Obed Vargas,no tiene imagen
Mexico,MEX 17,Gilberto Mora,no tiene imagen
Mexico,MEX 18,Luis Chávez,no tiene imagen
Mexico,MEX 19,Roberto Alvarado,tiene imagen
Mexico,MEX 20,César Huerta,tiene imagen
Mexico,MEX 21,Guillermo Martínez,no tiene imagen
Mexico,MEX 22,Armando González,no tiene imagen
Mexico,MEX 23,Santiago Giménez,tiene imagen
Mexico,MEX 24,Raúl Jiménez,tiene imagen
Mexico,MEX 25,Julián Quiñones,no tiene imagen
Mexico,MEX 26,Alexis Vega,tiene imagen
Paises Bajos,NED 1,Bart Verbruggen,tiene imagen
Paises Bajos,NED 2,Robin Roefs,no tiene imagen
Paises Bajos,NED 3,Mark Flekken,no tiene imagen
Paises Bajos,NED 4,Nathan Aké,tiene imagen
Paises Bajos,NED 5,Virgil van Dijk,tiene imagen
Paises Bajos,NED 6,Jorrel Hato,no tiene imagen
Paises Bajos,NED 7,Jan Paul van Hecke,tiene imagen
Paises Bajos,NED 8,Denzel Dumfries,tiene imagen
Paises Bajos,NED 9,Jurriën Timber,tiene imagen
Paises Bajos,NED 10,Micky van de Ven,tiene imagen
Paises Bajos,NED 11,Ryan Gravenberch,tiene imagen
Paises Bajos,NED 12,Frenkie de Jong,tiene imagen
Paises Bajos,NED 13,Marten de Roon,no tiene imagen
Paises Bajos,NED 14,Tijjani Reijnders,no tiene imagen
Paises Bajos,NED 15,Teun Koopmeiners,tiene imagen
Paises Bajos,NED 16,Noa Lang,no tiene imagen
Paises Bajos,NED 17,Mats Wieffer,no tiene imagen
Paises Bajos,NED 18,Quinten Timber,no tiene imagen
Paises Bajos,NED 19,Crysencio Summerville,no tiene imagen
Paises Bajos,NED 20,Guus Til,no tiene imagen
Paises Bajos,NED 21,Brian Brobbey,no tiene imagen
Paises Bajos,NED 22,Memphis Depay,tiene imagen
Paises Bajos,NED 23,Cody Gakpo,tiene imagen
Paises Bajos,NED 24,Justin Kluivert,tiene imagen
Paises Bajos,NED 25,Donyell Malen,no tiene imagen
Paises Bajos,NED 26,Wout Weghorst,tiene imagen
Noruega,NOR 1,Orjan Haskjold Nyland,no tiene imagen
Noruega,NOR 2,Sander Tangvik,no tiene imagen
Noruega,NOR 3,Egil Selvik,no tiene imagen
Noruega,NOR 4,Kristoffer Ajer,tiene imagen
Noruega,NOR 5,David Moller Wolfe,no tiene imagen
Noruega,NOR 6,Leo Ostigard,no tiene imagen
Noruega,NOR 7,Fredrik Bjorkan,no tiene imagen
Noruega,NOR 8,Marcus Pedersen,tiene imagen
Noruega,NOR 9,Torbjorn Heggem,tiene imagen
Noruega,NOR 10,Sondre Langas,no tiene imagen
Noruega,NOR 11,Henrik Falchener,no tiene imagen
Noruega,NOR 12,Julian Ryerson,tiene imagen
Noruega,NOR 13,Morter Thorsby,no tiene imagen
Noruega,NOR 14,Patrick Berg,tiene imagen
Noruega,NOR 15,Sander Berge,tiene imagen
Noruega,NOR 16,Martin Odegaard,no tiene imagen
Noruega,NOR 17,Fredrik Aursnes,no tiene imagen
Noruega,NOR 18,Kristian Thorstvedt,no tiene imagen
Noruega,NOR 19,Thelonious Aasgaard,no tiene imagen
Noruega,NOR 20,Antonio Nusa,tiene imagen
Noruega,NOR 21,Andreas Schjelderup,no tiene imagen
Noruega,NOR 22,Oscar Bob,tiene imagen
Noruega,NOR 23,Jens Petter Hauge,no tiene imagen
Noruega,NOR 24,Alexander Sorloth,tiene imagen
Noruega,NOR 25,Erling Haaland,tiene imagen
Noruega,NOR 26,Jorgen Strand Larsen,no tiene imagen
Nueva Zelanda,NZL 1,Max Crocombe,no tiene imagen
Nueva Zelanda,NZL 2,Alex Paulsen,no tiene imagen
Nueva Zelanda,NZL 3,Michael Woud,no tiene imagen
Nueva Zelanda,NZL 4,Tyler Bindon,no tiene imagen
Nueva Zelanda,NZL 5,Michael Boxall,no tiene imagen
Nueva Zelanda,NZL 6,Liberato Cacace,no tiene imagen
Nueva Zelanda,NZL 7,Francis De Vries,no tiene imagen
Nueva Zelanda,NZL 8,Callan Elliot,no tiene imagen
Nueva Zelanda,NZL 9,Tim Payne,no tiene imagen
Nueva Zelanda,NZL 10,Nando Pijnaker,no tiene imagen
Nueva Zelanda,NZL 11,Tommy Smith,no tiene imagen
Nueva Zelanda,NZL 12,Finn Surman,no tiene imagen
Nueva Zelanda,NZL 13,Lachlan Bayliss,no tiene imagen
Nueva Zelanda,NZL 14,Joe Bell,no tiene imagen
Nueva Zelanda,NZL 15,Alex Rufer,no tiene imagen
Nueva Zelanda,NZL 16,Marko Stamenić,no tiene imagen
Nueva Zelanda,NZL 17,Ryan Thomas,no tiene imagen
Nueva Zelanda,NZL 18,Kosta Barbarouses,no tiene imagen
Nueva Zelanda,NZL 19,Matt Garbett,no tiene imagen
Nueva Zelanda,NZL 20,Eli Just,no tiene imagen
Nueva Zelanda,NZL 21,Callum McCowatt,no tiene imagen
Nueva Zelanda,NZL 22,Ben Old,no tiene imagen
Nueva Zelanda,NZL 23,Jesse Randall,no tiene imagen
Nueva Zelanda,NZL 24,Sarpreet Singh,no tiene imagen
Nueva Zelanda,NZL 25,Ben Waine,no tiene imagen
Nueva Zelanda,NZL 26,Chris Wood,no tiene imagen
Panama,PAN 1,Orlando Mosquera,no tiene imagen
Panama,PAN 2,Luis Mejía,no tiene imagen
Panama,PAN 3,César Samudio,no tiene imagen
Panama,PAN 4,César Blackman,no tiene imagen
Panama,PAN 5,Jorge Gutiérrez,no tiene imagen
Panama,PAN 6,Amir Murillo,no tiene imagen
Panama,PAN 7,Fidel Escobar,no tiene imagen
Panama,PAN 8,Andrés Andrade,no tiene imagen
Panama,PAN 9,Edgardo Fariña,no tiene imagen
Panama,PAN 10,José Córdoba,no tiene imagen
Panama,PAN 11,Eric Davis,no tiene imagen
Panama,PAN 12,Jiovany Ramos,no tiene imagen
Panama,PAN 13,Roderick Miller,no tiene imagen
Panama,PAN 14,Aníbal Godoy,no tiene imagen
Panama,PAN 15,Adalberto Carrasquilla,no tiene imagen
Panama,PAN 16,Carlos Harvey,no tiene imagen
Panama,PAN 17,Cristian Martínez,no tiene imagen
Panama,PAN 18,José Luis Rodríguez,no tiene imagen
Panama,PAN 19,César Yanis,no tiene imagen
Panama,PAN 20,Yoel Bárcenas,no tiene imagen
Panama,PAN 21,Alberto Quintero,no tiene imagen
Panama,PAN 22,Azarías Londoño,no tiene imagen
Panama,PAN 23,Ismael Díaz,no tiene imagen
Panama,PAN 24,Cecilio Waterman,no tiene imagen
Panama,PAN 25,José Fajardo,no tiene imagen
Panama,PAN 26,Tomás Rodríguez,no tiene imagen
Paraguay,PAR 1,Orlando Gill,tiene imagen
Paraguay,PAR 2,Roberto Fernández,no tiene imagen
Paraguay,PAR 3,Gastón Olveira,no tiene imagen
Paraguay,PAR 4,Juan Cáceres,tiene imagen
Paraguay,PAR 5,Gustavo Velázquez,no tiene imagen
Paraguay,PAR 6,Gustavo Gómez,tiene imagen
Paraguay,PAR 7,Junior Alonso,tiene imagen
Paraguay,PAR 8,José Canale,no tiene imagen
Paraguay,PAR 9,Omar Alderete,tiene imagen
Paraguay,PAR 10,Alessandro Maidana,no tiene imagen
Paraguay,PAR 11,Fabián Balbuena,tiene imagen
Paraguay,PAR 12,Mauricio Magalhães,no tiene imagen
Paraguay,PAR 13,Damián Bobadilla,tiene imagen
Paraguay,PAR 14,Braian Ojeda,no tiene imagen
Paraguay,PAR 15,Andrés Cubas,tiene imagen
Paraguay,PAR 16,Matías Galarza,tiene imagen
Paraguay,PAR 17,Alejandro Romero Gamarra,tiene imagen
Paraguay,PAR 18,Gustavo Caballero,no tiene imagen
Paraguay,PAR 19,Ramón Sosa,tiene imagen
Paraguay,PAR 20,Diego Gómez,tiene imagen
Paraguay,PAR 21,Alex Arce,no tiene imagen
Paraguay,PAR 22,Gabriel Ávalos,no tiene imagen
Paraguay,PAR 23,Isidro Pitta,no tiene imagen
Paraguay,PAR 24,Miguel Almirón,tiene imagen
Paraguay,PAR 25,Julio Enciso,tiene imagen
Paraguay,PAR 26,Antonio Sanabria,tiene imagen
Portugal,POR 1,Diogo Costa,tiene imagen
Portugal,POR 2,José Sá,tiene imagen
Portugal,POR 3,Rui Silva,no tiene imagen
Portugal,POR 4,Ricardo Velho,no tiene imagen
Portugal,POR 5,Diogo Dalot,tiene imagen
Portugal,POR 6,Matheus Nunes,no tiene imagen
Portugal,POR 7,Nélson Semedo,no tiene imagen
Portugal,POR 8,João Cancelo,tiene imagen
Portugal,POR 9,Nuno Mendes,tiene imagen
Portugal,POR 10,Gonçalo Inácio,no tiene imagen
Portugal,POR 11,Renato Veiga,no tiene imagen
Portugal,POR 12,Rúben Dias,tiene imagen
Portugal,POR 13,Tomás Araújo,no tiene imagen
Portugal,POR 14,Rúben Neves,tiene imagen
Portugal,POR 15,Samu Costa,no tiene imagen
Portugal,POR 16,João Neves,tiene imagen
Portugal,POR 17,Vitinha,tiene imagen
Portugal,POR 18,Bruno Fernandes,tiene imagen
Portugal,POR 19,Bernardo Silva,tiene imagen
Portugal,POR 20,João Félix,tiene imagen
Portugal,POR 21,Francisco Trincão,tiene imagen
Portugal,POR 22,Francisco Conceição,no tiene imagen
Portugal,POR 23,Pedro Neto,tiene imagen
Portugal,POR 24,Rafael Leão,tiene imagen
Portugal,POR 25,Gonçalo Guedes,no tiene imagen
Portugal,POR 26,Gonçalo Ramos,no tiene imagen
Portugal,POR 27,Cristiano Ronaldo,tiene imagen
Catar,QAT 1,Mahmoud Abunada,no tiene imagen
Catar,QAT 2,Meshaal Barsham,tiene imagen
Catar,QAT 3,Salah Zakaria,no tiene imagen
Catar,QAT 4,Ayoub Al Alawi,no tiene imagen
Catar,QAT 5,Boualem Khoukhi,tiene imagen
Catar,QAT 6,Homam Al Amin,no tiene imagen
Catar,QAT 7,Lucas Mendes,no tiene imagen
Catar,QAT 8,Issa Laye,no tiene imagen
Catar,QAT 9,Pedro Miguel,tiene imagen
Catar,QAT 10,Alhashmi Alhussain,no tiene imagen
Catar,QAT 11,Sultan Al Brake,no tiene imagen
Catar,QAT 12,Assim Madibo,tiene imagen
Catar,QAT 13,Abdulaziz Hatem,no tiene imagen
Catar,QAT 14,Ahmed Fathy,no tiene imagen
Catar,QAT 15,Karim Boudiaf,tiene imagen
Catar,QAT 16,Jassim Gaber,no tiene imagen
Catar,QAT 17,Mohamed Manai,no tiene imagen
Catar,QAT 18,Ahmed Al Janhi,no tiene imagen
Catar,QAT 19,Ahmed Alaa,no tiene imagen
Catar,QAT 20,Akram Afif,tiene imagen
Catar,QAT 21,Almoez Ali,tiene imagen
Catar,QAT 22,Edmilson Junior,tiene imagen
Catar,QAT 23,Hassan Al Haydos,no tiene imagen
Catar,QAT 24,Mohammed Muntari,no tiene imagen
Catar,QAT 25,Tahsin Mohammed,no tiene imagen
Catar,QAT 26,Yusuf Abdurisag,no tiene imagen
Sudafrica,RSA 1,Ronwen Williams,tiene imagen
Sudafrica,RSA 2,Ricardo Goss,no tiene imagen
Sudafrica,RSA 3,Sipho Chaine,tiene imagen
Sudafrica,RSA 4,Khuliso Mudau,tiene imagen
Sudafrica,RSA 5,Nkosinathi Sibisi,no tiene imagen
Sudafrica,RSA 6,Ime Okon,no tiene imagen
Sudafrica,RSA 7,Khulumani Ndamane,tiene imagen
Sudafrica,RSA 8,Aubrey Modiba,tiene imagen
Sudafrica,RSA 9,Samukelo Kabini,no tiene imagen
Sudafrica,RSA 10,Thabang Matuludi,no tiene imagen
Sudafrica,RSA 11,Olwethu Makhanya,no tiene imagen
Sudafrica,RSA 12,Kamogelo Sebelebele,no tiene imagen
Sudafrica,RSA 13,Bradley Cross,no tiene imagen
Sudafrica,RSA 14,Mbekezeli Mbokazi,tiene imagen
Sudafrica,RSA 15,Teboho Mokoena,tiene imagen
Sudafrica,RSA 16,Thalente Mbatha,tiene imagen
Sudafrica,RSA 17,Sphephelo Sithole,no tiene imagen
Sudafrica,RSA 18,Jayden Adams,no tiene imagen
Sudafrica,RSA 19,Oswin Appollis,tiene imagen
Sudafrica,RSA 20,Iqraam Rayners,no tiene imagen
Sudafrica,RSA 21,Tshepang Moremi,no tiene imagen
Sudafrica,RSA 22,Relebohile Mofokeng,no tiene imagen
Sudafrica,RSA 23,Evidence Makgopa,no tiene imagen
Sudafrica,RSA 24,Themba Zwane,no tiene imagen
Sudafrica,RSA 25,Lyle Foster,tiene imagen
Sudafrica,RSA 26,Thapelo Maseko,no tiene imagen
Escocia,SCO 1,Craig Gordon,no tiene imagen
Escocia,SCO 2,Angus Gunn,tiene imagen
Escocia,SCO 3,Liam Kelly,no tiene imagen
Escocia,SCO 4,Grant Hanley,tiene imagen
Escocia,SCO 5,Jack Hendry,tiene imagen
Escocia,SCO 6,Aaron Hickey,tiene imagen
Escocia,SCO 7,Dom Hyam,no tiene imagen
Escocia,SCO 8,Scott McKenna,tiene imagen
Escocia,SCO 9,Nathan Patterson,no tiene imagen
Escocia,SCO 10,Anthony Ralston,tiene imagen
Escocia,SCO 11,Andy Robertson,no tiene imagen
Escocia,SCO 12,John Souttar,tiene imagen
Escocia,SCO 13,Kieran Tierney,tiene imagen
Escocia,SCO 14,Ryan Christie,tiene imagen
Escocia,SCO 15,Findlay Curtis,no tiene imagen
Escocia,SCO 16,Lewis Ferguson,tiene imagen
Escocia,SCO 17,Ben Gannon-Doak,tiene imagen
Escocia,SCO 18,Tyler Fletcher,no tiene imagen
Escocia,SCO 19,John McGinn,tiene imagen
Escocia,SCO 20,Kenny McLean,tiene imagen
Escocia,SCO 21,Scott McTominay,tiene imagen
Escocia,SCO 22,Ché Adams,tiene imagen
Escocia,SCO 23,Lyndon Dykes,tiene imagen
Escocia,SCO 24,George Hirst,no tiene imagen
Escocia,SCO 25,Lawrence Shankland,no tiene imagen
Escocia,SCO 26,Ross Stewart,no tiene imagen
Senegal,SEN 1,Edouard Mendy,tiene imagen
Senegal,SEN 2,Mory Diaw,no tiene imagen
Senegal,SEN 3,Yehvann Diouf,tiene imagen
Senegal,SEN 4,Krépin Diatta,tiene imagen
Senegal,SEN 5,Antoine Mendy,no tiene imagen
Senegal,SEN 6,Kalidou Koulibaly,no tiene imagen
Senegal,SEN 7,El Hadji Malick Diouf,no tiene imagen
Senegal,SEN 8,Mamadou Sarr,no tiene imagen
Senegal,SEN 9,Moussa Niakhaté,no tiene imagen
Senegal,SEN 10,Moustapha Mbow,no tiene imagen
Senegal,SEN 11,Abdoulaye Seck,no tiene imagen
Senegal,SEN 12,Ismaïl Jakobs,no tiene imagen
Senegal,SEN 13,Ilay Camara,no tiene imagen
Senegal,SEN 14,Idrissa Gana Gueye,no tiene imagen
Senegal,SEN 15,Pape Gueye,no tiene imagen
Senegal,SEN 16,Lamine Camara,tiene imagen
Senegal,SEN 17,Habib Diarra,no tiene imagen
Senegal,SEN 18,Pathé Ciss,no tiene imagen
Senegal,SEN 19,Pape Matar Sarr,no tiene imagen
Senegal,SEN 20,Bara Sapoko Ndiaye,no tiene imagen
Senegal,SEN 21,Sadio Mané,tiene imagen
Senegal,SEN 22,Ismaïla Sarr,no tiene imagen
Senegal,SEN 23,Iliman Ndiaye,no tiene imagen
Senegal,SEN 24,Assane Diao,no tiene imagen
Senegal,SEN 25,Ibrahim Mbaye,no tiene imagen
Senegal,SEN 26,Nicolas Jackson,no tiene imagen
Senegal,SEN 27,Bamba Dieng,no tiene imagen
Senegal,SEN 28,Cherif Ndiaye,no tiene imagen
Suiza,SUI 1,Marvin Keller,no tiene imagen
Suiza,SUI 2,Gregor Kobel,tiene imagen
Suiza,SUI 3,Yvon Mvogo,tiene imagen
Suiza,SUI 4,Manuel Akanji,tiene imagen
Suiza,SUI 5,Aurèle Amenda,tiene imagen
Suiza,SUI 6,Eray Cömert,no tiene imagen
Suiza,SUI 7,Nico Elvedi,tiene imagen
Suiza,SUI 8,Luca Jaquez,no tiene imagen
Suiza,SUI 9,Miro Muheim,no tiene imagen
Suiza,SUI 10,Ricardo Rodriguez,no tiene imagen
Suiza,SUI 11,Silvan Widmer,no tiene imagen
Suiza,SUI 12,Gran Xhaka,no tiene imagen
Suiza,SUI 13,Denis Zakaria,tiene imagen
Suiza,SUI 14,Michel Aebischer,no tiene imagen
Suiza,SUI 15,Christian Fassnacht,no tiene imagen
Suiza,SUI 16,Remo Freuler,tiene imagen
Suiza,SUI 17,Ardon Jashari,tiene imagen
Suiza,SUI 18,Johan Manzambi,tiene imagen
Suiza,SUI 19,Fabian Rieder,no tiene imagen
Suiza,SUI 20,Djibril Sow,no tiene imagen
Suiza,SUI 21,Zeki Amdouni,no tiene imagen
Suiza,SUI 22,Breel Embolo,tiene imagen
Suiza,SUI 23,Cedric Itten,no tiene imagen
Suiza,SUI 24,Dan Ndoye,no tiene imagen
Suiza,SUI 25,Noah Okafor,no tiene imagen
Suiza,SUI 26,Ruben Vargas,tiene imagen
Suecia,SWE 1,Jacob Zetterström,no tiene imagen
Suecia,SWE 2,Viktor Johansson,tiene imagen
Suecia,SWE 3,Kristoffer Nordfeldt,no tiene imagen
Suecia,SWE 4,Gustav Lagerbielke,no tiene imagen
Suecia,SWE 5,Viktor Lindelöf,no tiene imagen
Suecia,SWE 6,Isak Hien,no tiene imagen
Suecia,SWE 7,Gabriel Gudmundsson,tiene imagen
Suecia,SWE 8,Herman Johansson,no tiene imagen
Suecia,SWE 9,Daniel Svensson,tiene imagen
Suecia,SWE 10,Hjalmar Ekdal,no tiene imagen
Suecia,SWE 11,Carl Starfelt,no tiene imagen
Suecia,SWE 12,Eric Smith,no tiene imagen
Suecia,SWE 13,Elliot Stroud,no tiene imagen
Suecia,SWE 14,Lucas Begvall,no tiene imagen
Suecia,SWE 15,Ken Sema,no tiene imagen
Suecia,SWE 16,Jesper Kalström,no tiene imagen
Suecia,SWE 17,Yasin Ayari,no tiene imagen
Suecia,SWE 18,Mattias Svanberg,tiene imagen
Suecia,SWE 19,Besfort Zeneli,no tiene imagen
Suecia,SWE 20,Alexander Isak,tiene imagen
Suecia,SWE 21,Viktor Gyökeres,tiene imagen
Suecia,SWE 22,Benjamin Nygren,no tiene imagen
Suecia,SWE 23,Anthony Elanga,tiene imagen
Suecia,SWE 24,Alexander Bernhardsson,no tiene imagen
Suecia,SWE 25,Gustaf Nilsson,no tiene imagen
Suecia,SWE 26,Taha Ali,no tiene imagen
Tunez,TUN 1,Aymen Dahmen,no tiene imagen
Tunez,TUN 2,A. Chamakh,no tiene imagen
Tunez,TUN 3,Sabri Ben Hassen,no tiene imagen
Tunez,TUN 4,Van Valery,no tiene imagen
Tunez,TUN 5,Moutaz Neffati,no tiene imagen
Tunez,TUN 6,Dylan Bronn,no tiene imagen
Tunez,TUN 7,Montassar Talbi,no tiene imagen
Tunez,TUN 8,Omar Rekik,no tiene imagen
Tunez,TUN 9,Adem Arous,no tiene imagen
Tunez,TUN 10,Raed Chikhaoui,no tiene imagen
Tunez,TUN 11,Ali Abdi,no tiene imagen
Tunez,TUN 12,M.A Ben Hmida,no tiene imagen
Tunez,TUN 13,Ellyes Skhiri,no tiene imagen
Tunez,TUN 14,M. Hadj Mahmoud,no tiene imagen
Tunez,TUN 15,Rani Khedira,no tiene imagen
Tunez,TUN 16,Anis Ben Slimane,no tiene imagen
Tunez,TUN 17,Mortadha Ben Ouanes,no tiene imagen
Tunez,TUN 18,Ismaël Gharbi,no tiene imagen
Tunez,TUN 19,Hannibal Mejbri,no tiene imagen
Tunez,TUN 20,Khalil Ayari,no tiene imagen
Tunez,TUN 21,Elias Achouri,no tiene imagen
Tunez,TUN 22,Elias Saad,no tiene imagen
Tunez,TUN 23,Firas Chaouat,no tiene imagen
Tunez,TUN 24,Hazem Mastouri,no tiene imagen
Tunez,TUN 25,Rayan Elloumi,no tiene imagen
Tunez,TUN 26,Sebastian Tounekti,no tiene imagen
Turquia,TUR 1,Bayindir,no tiene imagen
Turquia,TUR 2,Cakir,tiene imagen
Turquia,TUR 3,Gunok,no tiene imagen
Turquia,TUR 4,Kadioglu,tiene imagen
Turquia,TUR 5,Demiral,tiene imagen
Turquia,TUR 6,Celik,tiene imagen
Turquia,TUR 7,Ozan Kabak,no tiene imagen
Turquia,TUR 8,Mert Muldur,no tiene imagen
Turquia,TUR 9,Abdulkerim Bardakci,tiene imagen
Turquia,TUR 10,Eren Elmali,no tiene imagen
Turquia,TUR 11,Caglar Soyuncu,tiene imagen
Turquia,TUR 12,Samet Akaydin,no tiene imagen
Turquia,TUR 13,Arda Guler,tiene imagen
Turquia,TUR 14,Can Uzun,tiene imagen
Turquia,TUR 15,Orkun Kokcu,no tiene imagen
Turquia,TUR 16,Hakan Calhanoglu,tiene imagen
Turquia,TUR 17,Ismail Yuksek,no tiene imagen
Turquia,TUR 18,Kaan Ayhan,tiene imagen
Turquia,TUR 19,Salih Ozcan,no tiene imagen
Turquia,TUR 20,Kenan Yildiz,no tiene imagen
Turquia,TUR 21,Baris Yilmaz,tiene imagen
Turquia,TUR 22,Kerem Akturkoglu,tiene imagen
Turquia,TUR 23,Yunus Akgun,tiene imagen
Turquia,TUR 24,Oguz Aydin,no tiene imagen
Turquia,TUR 25,Deniz Gul,no tiene imagen
Turquia,TUR 26,Irfan Can Kahveci,tiene imagen
Uruguay,URU 1,Sergio Rochet,tiene imagen
Uruguay,URU 2,Fernando Muslera,no tiene imagen
Uruguay,URU 3,Santiago Mele,tiene imagen
Uruguay,URU 4,Guillermo Varela,tiene imagen
Uruguay,URU 5,Ronald Araújo,tiene imagen
Uruguay,URU 6,José María Giménez,tiene imagen
Uruguay,URU 7,Santiago Bueno,no tiene imagen
Uruguay,URU 8,Sebastián Cáceres,tiene imagen
Uruguay,URU 9,Mathías Olivera,tiene imagen
Uruguay,URU 10,Joaquín Piquerez,no tiene imagen
Uruguay,URU 11,Matías Viña,no tiene imagen
Uruguay,URU 12,Manuel Ugarte,tiene imagen
Uruguay,URU 13,Emiliano Martínez,no tiene imagen
Uruguay,URU 14,Rodrigo Bentancur,tiene imagen
Uruguay,URU 15,Federico Valverde,tiene imagen
Uruguay,URU 16,Agustín Canobbio,no tiene imagen
Uruguay,URU 17,Juan Manuel Sanabria,no tiene imagen
Uruguay,URU 18,Giorgian De Arrascaeta,tiene imagen
Uruguay,URU 19,Nicolás de la Cruz,no tiene imagen
Uruguay,URU 20,Rodrigo Zalazar,no tiene imagen
Uruguay,URU 21,Facundo Pellistri,tiene imagen
Uruguay,URU 22,Maximiliano Araújo,no tiene imagen
Uruguay,URU 23,Brian Rodríguez,no tiene imagen
Uruguay,URU 24,Rodrigo Aguirre,tiene imagen
Uruguay,URU 25,Federico Viñas,tiene imagen
Uruguay,URU 26,Darwin Núñez,tiene imagen
Estados Unidos,USA 1,Matt Freese,tiene imagen
Estados Unidos,USA 2,Matt Turner,no tiene imagen
Estados Unidos,USA 3,Chris Brady,no tiene imagen
Estados Unidos,USA 4,Max Arfsten,no tiene imagen
Estados Unidos,USA 5,Sergiño Dest,no tiene imagen
Estados Unidos,USA 6,Alex Freeman,tiene imagen
Estados Unidos,USA 7,Mark McKenzie,tiene imagen
Estados Unidos,USA 8,Tim Ream,tiene imagen
Estados Unidos,USA 9,Chris Richards,tiene imagen
Estados Unidos,USA 10,Antonee Robinson,tiene imagen
Estados Unidos,USA 11,Miles Robinson,no tiene imagen
Estados Unidos,USA 12,Joe Scally,no tiene imagen
Estados Unidos,USA 13,Auston Trusty,no tiene imagen
Estados Unidos,USA 14,Tyler Adams,tiene imagen
Estados Unidos,USA 15,Sebastian Berhalter,no tiene imagen
Estados Unidos,USA 16,Weston McKennie,tiene imagen
Estados Unidos,USA 17,Cristian Roldán,tiene imagen
Estados Unidos,USA 18,Brenden Aaronson,tiene imagen
Estados Unidos,USA 19,Christian Pulisic,tiene imagen
Estados Unidos,USA 20,Gio Reyna,no tiene imagen
Estados Unidos,USA 21,Malik Tillman,tiene imagen
Estados Unidos,USA 22,Tim Weah,no tiene imagen
Estados Unidos,USA 23,Alejandro Zendejas,no tiene imagen
Estados Unidos,USA 24,Folarin Balogun,tiene imagen
Estados Unidos,USA 25,Ricardo Pepi,tiene imagen
Estados Unidos,USA 26,Haji Wright,tiene imagen
Uzbekistan,UZB 1,O’tkir Yusupov,no tiene imagen
Uzbekistan,UZB 2,Botirali Ergashev,no tiene imagen
Uzbekistan,UZB 3,Abduvohid Ne’matov,no tiene imagen
Uzbekistan,UZB 4,Abdukodir Khusanov,no tiene imagen
Uzbekistan,UZB 5,Alijonov,no tiene imagen
Uzbekistan,UZB 6,Farrukh Sayfiev,no tiene imagen
Uzbekistan,UZB 7,Rustam Ashurmatov,no tiene imagen
Uzbekistan,UZB 8,Sherzod Nasrullaev,no tiene imagen
Uzbekistan,UZB 9,Umar Eshmurodov,no tiene imagen
Uzbekistan,UZB 10,Avazbek O’Imasaliev,no tiene imagen
Uzbekistan,UZB 11,Jahongir Orozov,no tiene imagen
Uzbekistan,UZB 12,Behruzjon Karimoov,no tiene imagen
Uzbekistan,UZB 13,Abdulla Abdullaev,no tiene imagen
Uzbekistan,UZB 14,Akmal Mozgovoy,no tiene imagen
Uzbekistan,UZB 15,Otabek Shukurov,no tiene imagen
Uzbekistan,UZB 16,Jamshid Iskanderov,no tiene imagen
Uzbekistan,UZB 17,Odil Hamrobekov,no tiene imagen
Uzbekistan,UZB 18,Jaloliddin Masharipov,no tiene imagen
Uzbekistan,UZB 19,Aziz Ganiev,no tiene imagen
Uzbekistan,UZB 20,Sherzod Esanov,no tiene imagen
Uzbekistan,UZB 21,Abbosbek Fayzullaev,no tiene imagen
Uzbekistan,UZB 22,Eldor Shomurodov,no tiene imagen
Uzbekistan,UZB 23,Igor Sergeev,no tiene imagen
Uzbekistan,UZB 24,Azizbek Amonov,no tiene imagen
Uzbekistan,UZB 25,Oston Urunov,no tiene imagen
Uzbekistan,UZB 26,Doston Khamdamov,no tiene imagen
