seleccion,orden,jugador,archivo_imagen,archivo_sin_ajustar
Argelia,1,Luca Zidane,,alg-02-ismael-bennacer.png
Argelia,2,Oussama Benbot,,alg-04-aymen-mahious.png
Argelia,3,Melvin Mastil,,
Argelia,4,Abdelatif Ramdane,,alg-08-yacine-benzia.png
Argelia,5,Rafik Belghali,,alg-10-adam-zorgane.png
Argelia,6,Samir Chergui,,alg-11-haris-belkebla.png
Argelia,7,Rayan Aït-Nouri,,alg-13-sofiane-feghouli.png
Argelia,8,Jaouen Hadjam,,alg-14-said-benrahma.png
Argelia,9,Aïssa Mandi,alg-20-aissa-mandi.png,alg-15-youcef-atal.png
Argelia,10,Ramy Bensebaïni,alg-03-ramy-bensebaini.png,alg-16-mohamed-fares.png
Argelia,11,Zineddine Belaïd,,alg-17-ahmed-touba.png
Argelia,12,Achref Abada,,alg-18-zinedine-belaid.png
Argelia,13,Mohamed Amine Tougaï,,alg-19-antar-yahia.png
Argelia,14,Nabil Bentaleb,alg-12-nabil-bentaleb.png,alg-21-alexis-guendouz.png
Argelia,15,Hicham Boudaoui,,alg-22-kevin-guitoun.png
Argelia,16,Houssem Aouar,alg-09-houssem-aouar.png,alg-23-anthony-mandrea.png
Argelia,17,Farès Chaïbi,alg-06-fares-chaibi.png,alg-24-alexandre-oukidja.png
Argelia,18,Ibrahim Maza,,alg-25-rais-m'bolhi.png
Argelia,19,Yacine Titraoui,,arg_07_franco-mastantuono.png
Argelia,20,Ramiz Zerrouki,,arg-leonel-mesi.png
Argelia,21,Mohamed Amine Amoura,alg-05-mohamed-amoura.png,
Argelia,22,Nadhir Benbouali,,
Argelia,23,Adil Boulbina,,
Argelia,24,Farès Ghedjemis,,
Argelia,25,Amine Gouiri,,
Argelia,26,Anis Hadj Moussa,alg-07-anis-hadj-moussa.png,
Argelia,27,Riyad Mahrez,alg-01-riyad-mahrez.png,
Argentina,1,Dibu Martínez,arg_01_dibu-martinez.png,
Argentina,2,Gerónimo Rulli,,
Argentina,3,Juan Musso,,
Argentina,4,Cristian Romero,arg_14_cristian-romero.png,
Argentina,5,Otamendi,arg_16_nicolas-otamendi.png,
Argentina,6,Nahuel Molina,arg_17_nahuel-molina.png,
Argentina,7,Nicolás Tagliafico,arg_18_nicolas-tagliafico.png,
Argentina,8,Gonzalo Montiel,,
Argentina,9,Leonardo Balerdi,arg_15_leonardo-balerdi.png,
Argentina,10,Lisandro Martínez,,
Argentina,11,Facundo Medina,,
Argentina,12,Enzo Fernández,arg_08_enzo-fernandez.png,
Argentina,13,Rodrigo de Paul,arg_12_rodrigo-de-paul.png,
Argentina,14,Alexis Mac Allister,arg_09_alexis mac allister.png,
Argentina,15,Leandro Paredes,arg_11_leandro-paredes.png,
Argentina,16,Exequiel Palacios,arg_13_exequiel-palacios.png,
Argentina,17,Valentín Barco,,
Argentina,18,Giovani Lo Celso,,
Argentina,19,Lionel Messi,arg_02_lionel-messi.png,
Argentina,20,Julián Álvarez,arg_05_julian-alvarez.png,
Argentina,21,Lautaro Martínez,arg_06_lautaro-martinez.png,
Argentina,22,José Manuel López,,
Argentina,23,Nico González,arg_03_nico-gonzalez.png,
Argentina,24,Thiago Almada,,
Argentina,25,Giuliano Simeone,arg_04_giuliano-simeone.png,
Argentina,26,Nico Paz,arg_10_nico-paz.png,
Australia,1,Matthew Ryan,,
Australia,2,Patrick Beach,,
Australia,3,Paul Izzo,,
Australia,4,Harry Souttar,,
Australia,5,Alessandro Circati,,
Australia,6,Jordan Bos,,
Australia,7,Cameron Burgess,,
Australia,8,Milos Degenek,,
Australia,9,Aziz Behich,,
Australia,10,Jason Geria,,
Australia,11,Lucas Herrington,,
Australia,12,Kai Trewin,,
Australia,13,Jacob Italiano,,
Australia,14,Jackson Irvine,,
Australia,15,Paul Okon-Engstler,,
Australia,16,Cameron Devlin,,
Australia,17,Ajdin Hrustic,,
Australia,18,Connor Metcalfe,,
Australia,19,Aiden O’Neill,,
Australia,20,Mathew Leckie,,
Australia,21,Nishan Velupillay,,
Australia,22,Nestoy Irakunda,,
Australia,23,Awer Mabil,,
Australia,24,Mohamed Touré,,
Australia,25,Cristian Volpato,,
Australia,26,Tete Yengi,,
Austria,1,Patrick Pentz,,
Austria,2,Alexander Schlager,,
Austria,3,Florian Wiegele,,
Austria,4,David Affengruber,,
Austria,5,David Alaba,,
Austria,6,Kevin Danso,,
Austria,7,Marco Friedl,,
Austria,8,Philipp Lienhart,,
Austria,9,Phillipp Mwene,,
Austria,10,Stefan Posch,,
Austria,11,Alexander Prass,,
Austria,12,Michael Svoboda,,
Austria,13,Christoph Baumgartner,,
Austria,14,Carney Chukwuemeka,,
Austria,15,Florian Grillitsch,,
Austria,16,Konrad Laimer,,
Austria,17,Marcel Sabitzer,,
Austria,18,Xavier Schlager,,
Austria,19,Romano Schimid,,
Austria,20,Alessandro Schöph,,
Austria,21,Nicolas Seiwald,,
Austria,22,Paul Wanner,,
Austria,23,Patrick Wimmer,,
Austria,24,Marko Arnautovic,,
Austria,25,Michael Gregoritsch,,
Austria,26,Sasa Kalajdzic,,
Belgica,1,Thibaut Courtois,,
Belgica,2,Senne Lammens,,
Belgica,3,Mike Penders,,
Belgica,4,Zeno Debast,,
Belgica,5,Arthur Theate,,
Belgica,6,Koni de Winter,,
Belgica,7,Brandon Mechele,,
Belgica,8,Nathan Ngoy,,
Belgica,9,Thomas Meunir,,
Belgica,10,Timothy Castagne,,
Belgica,11,Maxim de Cuyper,,
Belgica,12,Joaquin Seys,,
Belgica,13,Kevin de Bruyne,,
Belgica,14,Amadou Onana,,
Belgica,15,Youri Tielemans,,
Belgica,16,Hans Vanaken,,
Belgica,17,Nicolas Raskin,,
Belgica,18,Axel Witsel,,
Belgica,19,Jérémy Doku,,
Belgica,20,Leandro Trossard,,
Belgica,21,Alexis Saelemaekers,,
Belgica,22,Dodi Lukebakio,,
Belgica,23,Romelu Lukaku,,
Belgica,24,Charles de Ketelaere,,
Belgica,25,Matias Fernández-Pardo,,
Belgica,26,Diego Moreira,,
Bosnia y Herzegovina,1,Nikola Vasilj,bih_09_nikola-vasilj.png,bih_05_ar-viva-mhoivils-ite.png
Bosnia y Herzegovina,2,Martin Zlomislic,,
Bosnia y Herzegovina,3,Osman Hadzikic,,
Bosnia y Herzegovina,4,Sead Kolasinac,bih_06-sead kolasinac.png,bih.png
Bosnia y Herzegovina,5,Amar Dedic,bih_15_amar-dedig.png,bih0.png
Bosnia y Herzegovina,6,Nihad Mujakic,bih_10-nihad mujakic.png,
Bosnia y Herzegovina,7,Nikola Katic,bih_17_nikola-katic.png,
Bosnia y Herzegovina,8,Tarik Muharemovic,,
Bosnia y Herzegovina,9,Stjepan Radeljic,,
Bosnia y Herzegovina,10,Dennis Hadzikadunic,,
Bosnia y Herzegovina,11,Nidal Celik,,
Bosnia y Herzegovina,12,Amir Hadziahmetovic,bih_01-amir hadziahmetovic.png,
Bosnia y Herzegovina,13,Ivan Sunjic,bih_07-ivan sunjic7.png,
Bosnia y Herzegovina,14,Ivan Basic,bih_11-ivan basic.png,
Bosnia y Herzegovina,15,Dzenis Burnic,bih_14_dzenis-burnic.png,
Bosnia y Herzegovina,16,Ermin Mahmic,bih_13-erimedin demirovic.png,
Bosnia y Herzegovina,17,Benjamin Tahirovic,bih_0-benjamin tahirovic.png,
Bosnia y Herzegovina,18,Amar Memic,bih_03_amar memic.png,
Bosnia y Herzegovina,19,Armin Gigovic,bih_18_armin-gigovic.png,
Bosnia y Herzegovina,20,Kerim Alajbegovic,,
Bosnia y Herzegovina,21,Esmir Bajraktarevic,bih_16_esmir-bajraktarevic.png,
Bosnia y Herzegovina,22,Ermedin Demirovic,,
Bosnia y Herzegovina,23,Jovo Lukic,,
Bosnia y Herzegovina,24,Samed Bazdar,bih_08_samed-bazdar-a.png,
Bosnia y Herzegovina,25,Haris Tabakovic,bih_12_haris-tabakovic-3.png,
Bosnia y Herzegovina,26,Edin Dzeko,bih_04-edin dzekoi.png,bra-01-everton.png
Brasil,1,Alisson,bra_01-alisson becker.png,bra_02_bento.png
Brasil,2,Ederson,bra-01-ederson.png,bra_05_eder-militao.png
Brasil,3,Weverton,,bra_11-luiz-henrque.png
Brasil,4,Marquinhos,bra_03_marquinhos.png,bra_15_estevao.png
Brasil,5,Gabriel Magalhães,bra_06_gabriel-magalhaes.png,bra_17_rodrygo.png
Brasil,6,Bremer,,bra_18_joao-pedro.png
Brasil,7,Ibáñez,bra-01-ibanez.png,
Brasil,8,Léo Pereira,,bra-06-yuri alberto.png
Brasil,9,Wesley,bra_04_wesley.png,bra.png
Brasil,10,Danilo,bra_07_danilo.png,bra0_2.png
Brasil,11,Alex Sandro,,bra0.png
Brasil,12,Douglas Santos,,
Brasil,13,Casemiro,bra_10_casemiro.png,
Brasil,14,Bruno Guimarães,bra_08_bruno-guimaraes.png,
Brasil,15,Fabinho,,
Brasil,16,Danilo,bra_07_danilo.png,
Brasil,17,Lucas Paquetá,bra_09-lucas paqueta.png,
Brasil,18,Vinicius Jr.,bra_12_vinicius-junior.png,
Brasil,19,Raphinha,bra_14_raphinha.png,
Brasil,20,Matheus Cunha,bra_16_matheus-cunha.png,
Brasil,21,Luiz Henrique,,
Brasil,22,Igor Thiago,,
Brasil,23,Endrick,,
Brasil,24,Martinelli,bra_13_gabriel-martinelli.png,
Brasil,25,Rayan,bra-03-rayan.png,
Brasil,26,Neymar,,
Canada,1,Maxime Crépau,,can_02_if-e-y-en.png
Canada,2,Owen Goodman,,can_06_matheu choniere.png
Canada,3,Dayne St. Clair,can_01_dayne-st-clair.png,can_07_samuel adekugbe.png
Canada,4,Moïse Bombito,can_10_moise bombito.png,can_09_kamal miller.png
Canada,5,Derek Cornelius,can_11_derek cornelus.png,
Canada,6,Alphonso Davies,,can_18_richie-larvea.png
Canada,7,Luc de Fougerolles,,can.png
Canada,8,Alistair Johnston,can_03_alistair johnston.png,can0.png
Canada,9,Alfie Jones,,
Canada,10,Richie Laryea,,
Canada,11,Niko Sigur,can_12_niko sigur.png,
Canada,12,Joel Waterman,,
Canada,13,Ali Ahmed,,
Canada,14,Tajon Buchanan,can_13_tajon-buchanan.png,
Canada,15,Mathieu Chounière,,
Canada,16,Stephen Eustáquio,can_08_stephen eustaquio.png,
Canada,17,Marcelo Flores,,
Canada,18,Ismäel Koné,can_16_ismael kone.png,
Canada,19,Liam Millar,can_17_liam millar.png,
Canada,20,Jonathan Osorio,can_05_jonathan osorio.png,
Canada,21,Nathan Saliba,,
Canada,22,Jacob Shaffelburg,can_04_jacob shaffelburg.png,
Canada,23,Jonathan David,can_14_jonathan-david.png,
Canada,24,Promise David,,
Canada,25,Cyle Larin,can_15_cyle-larin.png,
Canada,26,Tani Oluwaseyi,,
Costa de Marfil,1,Yahia Fofana,civ_03-yahia fofana.png,civ_04-evan ndicka.png
Costa de Marfil,2,Mohamed Kone,,civ_05_sebastien-haller.png
Costa de Marfil,3,Alban Lafont,,civ_09_van-diomande-q.png
Costa de Marfil,4,Emmanuel Agbadou,civ_01_emmanuel-agbadou.png,civ_10_willy boly.png
Costa de Marfil,5,Clément Akpa,,civ_14-ghislain kanan.png
Costa de Marfil,6,Ousmane Diomande,civ_13_ousmane-diomande.png,civ_15_jean-philippe-gbamin.png
Costa de Marfil,7,Guéla Doué,,civ-00-equipo.png
Costa de Marfil,8,Ghislain Konan,,civ-00-escudo.png
Costa de Marfil,9,Odilon Kossounou,civ_12_odilon kossounou.png,
Costa de Marfil,10,Evan N’Dicka,,
Costa de Marfil,11,Wilfried Singo,civ_11_wilfried-singo.png,
Costa de Marfil,12,Seko Fofana,civ_07_seko-fofana.png,
Costa de Marfil,13,Parfait Guiagon,,
Costa de Marfil,14,Christ Inao Oulai,,
Costa de Marfil,15,Franck Kessié,civ_18_franck-kessie.png,
Costa de Marfil,16,Ibrahim Sangaré,civ_17_ibrahim-sangare.png,
Costa de Marfil,17,Jean Michaël Seri,,
Costa de Marfil,18,Simón Adingra,civ_06_simon-adingra.png,
Costa de Marfil,19,Ange-Yoan Bonny,,
Costa de Marfil,20,Amad Diallo,civ_02_amad-diallo.png,
Costa de Marfil,21,Oumar Diakite,civ_08_oumar-diakite-ei.png,
Costa de Marfil,22,Yan Diomande,,
Costa de Marfil,23,Evann Guessand,civ_16_evann-guessand.png,
Costa de Marfil,24,Nicolas Pepe,,
Costa de Marfil,25,Bazoumana Toure,,
Costa de Marfil,26,Elye Wahi,,
Republica Democratica del Congo,1,Timothy Fayulu,,
Republica Democratica del Congo,2,Lionel Mpasi,,
Republica Democratica del Congo,3,Mattieu Epolo,,
Republica Democratica del Congo,4,Aaron Wan-Bissaka,,
Republica Democratica del Congo,5,Gedeon Kalulu,,
Republica Democratica del Congo,6,Chancel Mbemba,,
Republica Democratica del Congo,7,Steve Kapuadi,,
Republica Democratica del Congo,8,Axel Tuanzebe,,
Republica Democratica del Congo,9,Dylan Batubinsika,,
Republica Democratica del Congo,10,Rocky Bushiri,,
Republica Democratica del Congo,11,Arthur Masuku,,
Republica Democratica del Congo,12,Joris Kayembe,,
Republica Democratica del Congo,13,Samuel Moutoussamy,,
Republica Democratica del Congo,14,Ngal’Ayel Mukau,,
Republica Democratica del Congo,15,Gael Kakuta,,
Republica Democratica del Congo,16,Charles Pickel,,
Republica Democratica del Congo,17,Noah Sadiki,,
Republica Democratica del Congo,18,Edo Kayembe,,
Republica Democratica del Congo,19,Théo Bongonda,,
Republica Democratica del Congo,20,Nathanael Mbuku,,
Republica Democratica del Congo,21,Cédric Bakambu,,
Republica Democratica del Congo,22,Simon Banza,,
Republica Democratica del Congo,23,Fiston Mayele,,
Republica Democratica del Congo,24,Brian Cipenga,,
Republica Democratica del Congo,25,Yoane Wissa,,
Republica Democratica del Congo,26,Meschack Elia,,
Colombia,1,Álvaro Montero,col-01-alvaro montero.png,col-00-equipo.png
Colombia,2,Camilo Vargas,col_02_camilo-vargas.png,col-00-escudo.png
Colombia,3,David Ospina,col_01_david-ospina.png,col-03-yerry mina.png
Colombia,4,Daniel Muñoz,col_14_daniel-munoz.png,col-05-jhon arias.png
Colombia,5,Santiago Arias,col_13_santiago-arias.png,col0_2.png
Colombia,6,Dávinson Sánchez,col_17_davinson-sanchez.png,col_escudo2.png
Colombia,7,Jhon Lucumí,col_18_jhon-lucumi.png,
Colombia,8,Yerry Mina,col_15_yerry-mina.png,
Colombia,9,Willer Ditta,col-09-willer ditta.png,
Colombia,10,Déiver Machado,col-10-deiver machado.png,
Colombia,11,Johan Mojica,col_16_johan-mojica.png,
Colombia,12,Gustavo Puerta,col-12-gustavo puerta.png,
Colombia,13,James Rodríguez,col_10_james-rodriguez.png,
Colombia,14,Jefferson Lerma,col_12_jefferson-lerma.png,
Colombia,15,Jhon Arias,col_05_jhon-arias.png,
Colombia,16,Jorge Carrascal,col_07_jorge-carrascal.png,
Colombia,17,Juan Fernando Quintero,col_09_juan-fernando-quintero.png,
Colombia,18,Richard Ríos,col_08_richard-rios.png,
Colombia,19,Kevin Castaño,col_11_kevin-castano.png,
Colombia,20,Jaminton Campaz,col-20-jaminton campaz.png,
Colombia,21,Juan Portilla,col-21-juan portilla.png,
Colombia,22,Luis Diaz,col_03-luis diaz.png,
Colombia,23,Luis Suárez,col_06_luis-suarez.png,
Colombia,24,Jhon Córdoba,col_04_jhon-cordoba.png,
Colombia,25,Carlos Gómez,col-26-carlos gomez.png,
Colombia,26,Juan Camilo Hernández,col-26-juan camilo hernandez.png,
Cabo Verde,1,Josimar Dias,,
Cabo Verde,2,Márcio da Rosa,,
Cabo Verde,3,Carlos Santos,,
Cabo Verde,4,Steven Moreira,,
Cabo Verde,5,Wagner Pina,,
Cabo Verde,6,João Paulo Fernandes,,
Cabo Verde,7,Sidny Lopes Cabral,,
Cabo Verde,8,Logan Costa,,
Cabo Verde,9,Roberto Lopes,,
Cabo Verde,10,Kelvin Pires,,
Cabo Verde,11,Ianique Tavares,,
Cabo Verde,12,Edilson Borges,,
Cabo Verde,13,Jamiro Monteiro,,
Cabo Verde,14,Telmo Arcanjo,,
Cabo Verde,15,Yannick Semedo,,
Cabo Verde,16,Laros Duarte,,
Cabo Verde,17,Deroy Duarte,,
Cabo Verde,18,Kevin Pina,,
Cabo Verde,19,Ryan Mendes,,
Cabo Verde,20,Willy Semedo,,
Cabo Verde,21,Garry Rodrigues,,
Cabo Verde,22,Jovane Cabral,,
Cabo Verde,23,Nuno da Costa,,
Cabo Verde,24,Dailon Livramento,,
Cabo Verde,25,Gilson Benchimol,,
Cabo Verde,26,Hélio Varela,,
Croacia,1,Dominic Livakovic,cro_01_dominik-livakovi.png,
Croacia,2,Dominik Kotarski,,cro_02_franjo ivanovic.png
Croacia,3,Ivor Pandur,,cro_04_ante burdimir.png
Croacia,4,Josko Gvardiol,cro_18_josko-gvardiol.png,cro_10_petar-sugig.png
Croacia,5,Duje Caleta-Car,,cro_11_ivan-perisig.png
Croacia,6,Josip Sutalo,cro_16_josip-sutalo.png,cro_12_kristijan-jakig.png
Croacia,7,Josip Stanisic,cro_14_josip-stanisic.png,cro_13_duje-galeta-car.png
Croacia,8,Marin Pongracic,,cro_17_lovro-majer.png
Croacia,9,Martin Erlic,,cro.png
Croacia,10,Luka Vuskovic,cro_15_luka-vuskovic.png,cro0_2.png
Croacia,11,Luka Modric,cro_06_luka-modricg.png,cro0.png
Croacia,12,Mateo Kovacic,cro_07_mateo kovacic.png,
Croacia,13,Mario Pasalic,cro_09_mario-pasalic.png,
Croacia,14,Nikola Vlasic,,
Croacia,15,Luka Sucic,,
Croacia,16,Martin Baturina,cro_08_martin-baturina.png,
Croacia,17,Kristijan Jakic,,
Croacia,18,Petar Sucic,,
Croacia,19,Nikola Moro,,
Croacia,20,Toni Fruk,,
Croacia,21,Ivan Perisic,,
Croacia,22,Andrej Kramaric,cro_05_andrej kramaric.png,
Croacia,23,Ante Budimir,,
Croacia,24,Marco Pasalic,cro_03_marco-pasalic.png,
Croacia,25,Petar Musa,,
Croacia,26,Igor Matanovic,,
Curazao,1,Tyrick Bodak,,
Curazao,2,Trevor Doornbusch,,
Curazao,3,Eloy Room,,
Curazao,4,Riechedly Bazoer,,
Curazao,5,Joshua Brenet,,
Curazao,6,Roshon Van Eijma,,
Curazao,7,Sherel Floranus,,
Curazao,8,Deveron Fonville,,
Curazao,9,Jurïen Gaari,,
Curazao,10,Armando Obispo,,
Curazao,11,Shurandy Sambo,,
Curazao,12,Juninho Bacuna,,
Curazao,13,Leandro Bacuna,,
Curazao,14,Livano Comenencia,,
Curazao,15,Kevin Felida,,
Curazao,16,Arjany Martha,,
Curazao,17,Tyrese Noslin,,
Curazao,18,Godfried Roemeratoe,,
Curazao,19,Jeremy Antonisse,,
Curazao,20,Tahith Chong,,
Curazao,21,Kenji Gorré,,
Curazao,22,Sontje Hansen,,
Curazao,23,Gervane Kastaneer,,
Curazao,24,Brandley Kuwas,,
Curazao,25,Jürgen Locadia,,
Curazao,26,Jearl Margaritha,,
Republica Checa,1,Lukas Hornicek,,cze_03_matej-vydra.png
Republica Checa,2,Matej Kovar,cze_09_matej-kovar.png,cze_04_vasil-kusej.png
Republica Checa,3,Jindrich Stanek,cze_15_jindrich-stanek.png,cze_06_vaclav-gerny.png
Republica Checa,4,Ladislav Krejci,,cze_08_jaroslav-zelenv.png
Republica Checa,5,Robin Hranac,,cze_16_patrik schick.png
Republica Checa,6,Stepan Chaloupek,,cze_18_laviolav-arevu.png
Republica Checa,7,David Zima 8Slavia Praga),cze_14_david-zima.png,cze.png
Republica Checa,8,Tomas Holes,cze_10_tomas holes.png,cze0.png
Republica Checa,9,Jaroslav Zeleny,,
Republica Checa,10,David Jurasek,,
Republica Checa,11,Vladimir Coufal,cze_11_vladimir-coufal.png,
Republica Checa,12,Tomas Soucek,cze_01_tomas-soucek.png,
Republica Checa,13,Michal Sadilek,cze_12_michal-sadilek.png,
Republica Checa,14,Lukas Cerv,cze_17_lukas cerv.png,
Republica Checa,15,Hugo Sochurek,,
Republica Checa,16,Alexander Sojka,,
Republica Checa,17,Vladimir Darida,,
Republica Checa,18,David Doudera,,
Republica Checa,19,Pavel Sulc,cze_02_pavel-sulc.png,
Republica Checa,20,Denis Visinsky,,
Republica Checa,21,Patrick Schick,,
Republica Checa,22,Lukas Provod,cze_13_lukas-provod.png,
Republica Checa,23,Adam Hlozek,cze_07_adam hlozek.png,
Republica Checa,24,Mojmir Chytil,,
Republica Checa,25,Jan Kuchta,,
Republica Checa,26,Tomas Chory,cze_05_tomas-chory.png,
Ecuador,1,Hernán Galíndez,ecu_01_hernan galindez.png,ecu_05_alan-minda.png
Ecuador,2,Moisés Ramírez,,ecu_08_leonardo-campana.png
Ecuador,3,Gonzalo Valle,ecu_02_gonzalo-valle.png,ecu_09_pedro vite.png
Ecuador,4,Willian Pacho,ecu_17_willian-pacho.png,ecu_12_alan-franco.png
Ecuador,5,Piero Hincapié,ecu_18_piero-hincapie.png,ecu_15_john-veboah.png
Ecuador,6,Joel Ordóñez,ecu_14_joel-ordonez.png,ecu.png
Ecuador,7,Jackson Porozo,,ecu0_2.png
Ecuador,8,Félix Torres,,ecu0.png
Ecuador,9,Pervis Estupiñán,ecu_16_pervis-estupinan.png,
Ecuador,10,Yaimar Medina,,
Ecuador,11,Ángelo Preciado,ecu-19-angelo preciado.png,
Ecuador,12,Moisés Caicedo,ecu_13_moises-caicedo.png,
Ecuador,13,Jordi Alcívar,,
Ecuador,14,Denil Castillo,,
Ecuador,15,Alan Franco,ecu_11_alan-franco.png,
Ecuador,16,Kendry Páez,ecu_10_kendry-paez.png,
Ecuador,17,Nilson Angulo,ecu_06_nilson-angulo.png,
Ecuador,18,Gonzalo Plata,ecu_07_gonzalo-plata.png,
Ecuador,19,John Yeboah,,
Ecuador,20,Enner Valencia,ecu_03_enner-valencia.png,
Ecuador,21,Jordy Caicedo,,
Ecuador,22,Jeremy Arévalo,,
Ecuador,23,Anthony Valencia,,
Ecuador,24,Kevin Rodríguez,ecu_04_kevin-rodriguez.png,
Egipto,1,Mohamed El Shenawy,,
Egipto,2,Mostafa Shobeir,,
Egipto,3,Al-Mahdy Soliman,,
Egipto,4,Mohamed Alaa,,
Egipto,5,Mohamed Hany,,
Egipto,6,Tarek El Ala,,
Egipto,7,Hamdi Fathy,,
Egipto,8,Ramy Rabia,,
Egipto,9,Yasser Ibrahim,,
Egipto,10,Hossam Abdel-Maguid,,
Egipto,11,Mohamed Abdelmonem,,
Egipto,12,Ahmed Fotouh,,
Egipto,13,Karim Hafez,,
Egipto,14,Marwan Attia,,
Egipto,15,Mohand Lashin,,
Egipto,16,Nabil Emad Dunga,,
Egipto,17,Mahmoud Saber,,
Egipto,18,Ahmed Sayed Zizo,,
Egipto,19,Imam Ashour,,
Egipto,20,Mostafa Abdel-Raouf Ziko,,
Egipto,21,Mahmoud Trezeguet,,
Egipto,22,Ibrahim Ade (Pyramids FC)l,,
Egipto,23,Haithem Hassan,,
Egipto,24,Mohamed Salah,,
Egipto,25,Omar Marmoush,,
Egipto,26,Aktai Abdullah,,
Egipto,27,Hamza Abdelkarim,,
Inglaterra,1,Jordan Pickford,eng_01_jordan-pickford.png,eng_04_phil foden.png
Inglaterra,2,Dean Henderson,,eng_11_cole-palmer.png
Inglaterra,3,James Trafford,,eng-19-alexander arnold.png
Inglaterra,4,Reece James,eng_16_reece-james.png,eng.png
Inglaterra,5,Tino Livramento,,eng0_2.png
Inglaterra,6,John Stones,eng_15_john-stones.png,eng0.png
Inglaterra,7,Marc Guéhi,eng_17_marc guehi.png,
Inglaterra,8,Ezri Konsa,eng_18_ezri konsa.png,
Inglaterra,9,Dan Burn,eng_14_dan-burn.png,
Inglaterra,10,Jarell Quansah,,
Inglaterra,11,Nico O’Reilly,,
Inglaterra,12,Djed Spence,,
Inglaterra,13,Jordan Henderson,eng_10_jordan-henderson.png,
Inglaterra,14,Elliot Anderson,,
Inglaterra,15,Declan Rice,eng_12_declan-rice.png,
Inglaterra,16,Kobbie Mainoo,,
Inglaterra,17,Eberechi Eze,,
Inglaterra,18,Jude Bellingham,eng_09_jude-bellingham.png,
Inglaterra,19,Morgan Rogers,eng_08_morgan-rogers.png,
Inglaterra,20,Bukayo Saka,eng_06_bukayo saka.png,
Inglaterra,21,Noni Madueke,,
Inglaterra,22,Marcus Rashford,eng_03_marcus-rashford.png,
Inglaterra,23,Anthony Gordon,eng_07_anthony-gordon.png,
Inglaterra,24,Harry Kane,eng_02_harry-kane.png,
Inglaterra,25,Ollie Watkins,eng_05_ollie-watkins.png,
Inglaterra,26,Ivan Toney,,
Espana,1,Unai Simón,esp_01_unai-simon.png,esp_06_alvaro-morata.png
Espana,2,David Raya,,esp_07_mikel-ovarzabal.png
Espana,3,Joan García,,esp_12_rodri.png
Espana,4,Pedro Porro,esp_16_pedro-porro.png,esp_15_dani carvajal.png
Espana,5,Marcos Llorente,,esp_17_dean-huijsen.png
Espana,6,Marc Cucurella,esp_14_marc cucurella.png,esp-19-robin le normand.png
Espana,7,Alex Grimaldo,,esp.png
Espana,8,Aymeric Laporte,esp_18_aymeric-laporte.png,esp0_2.png
Espana,9,Pau Cubarsí,,esp0.png
Espana,10,Marc Pubill,,
Espana,11,Eric García,,
Espana,12,Rodri,esp_11_rodri.png,
Espana,13,Martín Zubimendi,esp_13_martin-zubimendi.png,
Espana,14,Fabián Ruiz,esp_09_fabian-ruiz.png,
Espana,15,Pedri,esp_10_pedri.png,
Espana,16,Dani Olmo,esp_05_dani-olmo.png,
Espana,17,Gavi,,
Espana,18,Alex Baena,,
Espana,19,Mikel Merino,esp_08_mikel-merino.png,
Espana,20,Lamine Yamal,esp_02_lamine yamal.png,
Espana,21,Nico Williams,esp_04_nico-williams.png,
Espana,22,Mikel Oyarzabal,,
Espana,23,Ferran Torres,esp_03_ferran-torres.png,
Espana,24,Yeremi Pino,,
Espana,25,Victor Muñoz,,
Espana,26,Borja Iglesias,,
Francia,1,Mike Maignan,fra_01_mike-maignan.png,fra_03_hugo-ekitike.png
Francia,2,Brice Samba,,fra_04_kingsley-coman.png
Francia,3,Robin Risser,,fra_10_eduardo camavinga.png
Francia,4,Jules Kounde,fra_16_jules kounde.png,fra.png
Francia,5,Malo Gusto,,fra0_2.png
Francia,6,William Saliba,fra_17_william saliba.png,fra0.png
Francia,7,Dayot Upamecano,fra_14_dayot upamecano.png,
Francia,8,Ibrahima Konaté,fra_15_ibrahima konate.png,
Francia,9,Lucas Hernández,,
Francia,10,Theo Hernández,fra_18_theo hernandez.png,
Francia,11,Lucas Digne,fra_13_lucas digne.png,
Francia,12,Maxence Lacroix,,
Francia,13,Aurélien Tchouaméni,fra_11_aurelien tchouameni.png,
Francia,14,Adrien Rabiot,fra_08_adrien rabiot.png,
Francia,15,N’Golo Kanté,,
Francia,16,Warren Zaïre-Emery,,
Francia,17,Manu Koné,fra_09_manu kone.png,
Francia,18,Kylian Mbappé,fra_02_kylian-mbappe.png,
Francia,19,Michael Olise,fra_12_michael-olise.png,
Francia,20,Ousmane Dembélé,fra_07_ousmane-dembele-r.png,
Francia,21,Désiré Doué,fra_05_desire-doue-is.png,
Francia,22,Bradley Barcola,fra_06_bradley-barcola.png,
Francia,23,Marcus Thuram,,
Francia,24,Maghnes Akliouche,,
Francia,25,Jean-Philippe Mateta,,
Francia,26,Rayan Cherki,,
Alemania,1,Manuel Neuer,,ger_01_marc-andre-ter-stegen.png
Alemania,2,Oliver Baumann,,ger_04_serge-gnabry.png
Alemania,3,Alexander Nübel,,ger_05_karim-adeyemi.png
Alemania,4,Waldemar Anton,ger_15_waldemar-anton.png,ger_09_felix nmacha.png
Alemania,5,Nathaniel Brown,,ger_10_joshua-kimmich.png
Alemania,6,Pascal Groß,,ger_11_nico schlotterberk.png
Alemania,7,Joshua Kimmich,ger_02_joshua kimmich.png,ger_12_ridle baku.png
Alemania,8,David Raum,ger_13_david-raum.png,ger_18_maximilian-mittelstadt.png
Alemania,9,Antonio Rüdiger,ger_17_antonio rudiger.png,ger.png
Alemania,10,Nico Schlotterbeck,,ger0_2.png
Alemania,11,Jonathan Tah,ger_16_jonathan tah.png,ger0.png
Alemania,12,Malick Thiaw,,
Alemania,13,Aleksandar Pavlovic,,
Alemania,14,Jamal Musiala,ger_14_jamal-musiala.png,
Alemania,15,Nadiem Amiri,,
Alemania,16,Jamie Leweling,,
Alemania,17,Felix Nmecha,,
Alemania,18,Angelo Stiller,,
Alemania,19,Leon Goretzka,ger_07_leon-goretzka.png,
Alemania,20,Lennart Karl,,
Alemania,21,Florian Wirtz,ger_08_florian-wirtz.png,
Alemania,22,Deniz Undav,,
Alemania,23,Kai Havertz,,
Alemania,24,Maximilian Beier,,
Alemania,25,Leroy Sané,ger_06_leroy sane.png,
Alemania,26,Nick Woltemade,ger_03_nick woltemade.png,
Ghana,1,Benjamin Asare,,
Ghana,2,Lawrence Ati-Zigi,,
Ghana,3,Joseph Anang,,
Ghana,4,Baba Abdul Rahman,,
Ghana,5,Gideon Mensah,,
Ghana,6,Marvin Senaya,,
Ghana,7,Alidu Seidu,,
Ghana,8,Abdul Mumin,,
Ghana,9,Jerome Opoku,,
Ghana,10,Jonas Adjetey,,
Ghana,11,Kojo Oppong Peprah,,
Ghana,12,Derrick Luckassen,,
Ghana,13,Elisha Owusu,,
Ghana,14,Thomas Partey,,
Ghana,15,Kwasi Sibo,,
Ghana,16,Augustine Boakye,,
Ghana,17,Caleb Yirenky,,
Ghana,18,Abdul Fatawu Issahaku,,
Ghana,19,Kamal Deen Sulemana,,
Ghana,20,Cristopher Bonsu Baah,,
Ghana,21,Ernest Nuamah,,
Ghana,22,Antoine Semenyo,,
Ghana,23,Brandon Thomas-Asante,,
Ghana,24,Prince Kwabena Adu,,
Ghana,25,Iñaki Williams,,
Ghana,26,Jordan Ayew,,
Haiti,1,Johnny Placide,hai_01_johny-placide.png,
Haiti,2,Alexandre Pierre,,hai_09_christopher-attvs.png
Haiti,3,Josué Duverger,,hai_13_johny-placide.png
Haiti,4,Carlens Arcus,hai_12_carlens-arcus.png,hai_15_jean-kevin-duverne.png
Haiti,5,Wilguens Paugain,,hai_16_jean-ricner-bellegarde.png
Haiti,6,Duke Lacroix,hai_14_duke-lacroix.png,hai-19-garven metusala.png
Haiti,7,Martin Experience,hai_07_martin-experience.png,hai0.png
Haiti,8,JK Duverne,,
Haiti,9,Ricardo Adé,hai_03_ricardo-ade.png,
Haiti,10,Hannes Delcroix,hai_02_hannes-delcroix.png,
Haiti,11,Keeto Thermoncy,,
Haiti,12,Leverton Pierre,hai_10_leverton-pierre.png,
Haiti,13,Carl-Fred Sainthe,,
Haiti,14,Jean-Jacques Danley,hai_11_danley-jean-jacques.png,
Haiti,15,Jeanricner Bellegarde,,
Haiti,16,Pierre Woodenski,,
Haiti,17,Dominique Simon,,
Haiti,18,Louicius Deedson,hai_08_louicius-deedson.png,
Haiti,19,Ruben Providence,hai_17_ruben-providence.png,
Haiti,20,Josué Casimir,hai_04_josue casimir.png,
Haiti,21,Derrick Etienne,hai_05_derrick-etienne-jr.png,
Haiti,22,Wilson Isidor,,
Haiti,23,Duckens Nazon,hai_06_duckens-nazon.png,
Haiti,24,Frantzdy Pierrot,hai_18_frantzdy-pierrot.png,
Haiti,25,Yassin Fortune,,
Haiti,26,Lenny Joseph,,
Iran,1,Alireza Beyranvand,,
Iran,2,Hosein Hoseini,,
Iran,3,Payam Niazmand,,
Iran,4,Shoja Khalilzadeh,,
Iran,5,Hosein Kanaani,,
Iran,6,Ali Nemati,,
Iran,7,Danial Eiri,,
Iran,8,Ehsan Hajisafi,,
Iran,9,Milad Mohammadi,,
Iran,10,Saleh Hardani,,
Iran,11,Ramin Rezaeiyan,,
Iran,12,Saman Ghodoos,,
Iran,13,Saeid Ezatollahi,,
Iran,14,Rouzbeh Cheshmi,,
Iran,15,Amir Mohammad Razagh Niya,,
Iran,16,Mohammad Ghorbani,,
Iran,17,Mehdi Ghayedi,,
Iran,18,Ariya Yousefi,,
Iran,19,Alireza Jahanbakhsh,,
Iran,20,Mehdi Torabi,,
Iran,21,Mohammad Mohebbi,,
Iran,22,Mehdi Taremi,,
Iran,23,Amirhossein Hosseinzadeh,,
Iran,24,Denis Dargahi,,
Iran,25,Ali Alipour,,
Iran,26,Shahriyar Moghanloo,,
Irak,1,Jalal Hassan,,
Irak,2,Ahmed Basil,,
Irak,3,Fahad Talib,,
Irak,4,Hussein Ali,,
Irak,5,Manaf Younis,,
Irak,6,Zaid Tahseen,,
Irak,7,Rebin Sulaka,,
Irak,8,Akam Hashem,,
Irak,9,Merchas Doski,,
Irak,10,Ahmed Yahya,,
Irak,11,Frans Putros,,
Irak,12,Mustafa Saadoon,,
Irak,13,Zaid Ismail,,
Irak,14,Amir Al Ammari,,
Irak,15,Kevin Yakob,,
Irak,16,Zidane Iqbal,,
Irak,17,Aimar Sher,,
Irak,18,Youssef Amyn,,
Irak,19,Ibrahim Bayesh,,
Irak,20,Ahmed Qasem,,
Irak,21,Marko Farji,,
Irak,22,Ali Jasim,,
Irak,23,Ali Al Hamadi,,
Irak,24,Ali Yousif,,
Irak,25,Aymen Hussein,,
Irak,26,Mohanad Ali,,
Jordania,1,Nour Bani Attia,,
Jordania,2,Yazeed Abu Laila,,
Jordania,3,Abdullah Al-Fakhoury,,
Jordania,4,Abdullah Naseeb,,
Jordania,5,Saad Al-Rousan,,
Jordania,6,Yazan Al-Arab,,
Jordania,7,Saleem Obeid,,
Jordania,8,Mohammad Abu Al-Nadi,,
Jordania,9,Hussam Abu Dahab,,
Jordania,10,Ihsan Haddad,,
Jordania,11,Anas Badawi,,
Jordania,12,Mohammad Abu Hashish,,
Jordania,13,Nour Al-Rawabdeh,,
Jordania,14,Nizar Al-Rashdan,,
Jordania,15,Ibrahim Saadeh,,
Jordania,16,Rajai Ayed,,
Jordania,17,Amer Jamous,,
Jordania,18,Muhannad Abu Taha,,
Jordania,19,Mohammad Al-Dawood,,
Jordania,20,Mahmoud Mardi,,
Jordania,21,Awda Al-Fakhoury,,
Jordania,22,Mousa Al-Taamari,,
Jordania,23,Mohammad Abu Zureiq,,
Jordania,24,Ali Azayza,,
Jordania,25,Ibrahim Sabra,,
Jordania,26,Ali Alwan,,
Japon,1,Zion Suzuki,jpn_10_zion-suzuki.png,jpn_02_keito-nakamura.png
Japon,2,Keisuke Osako,,jpn_05_takumi minamino.png
Japon,3,Tomoki Hayakawa,,jpn_06_shuto-machino.png
Japon,4,Yuto Nagamoto,,jpn_11_henry-herok-mochizuki.png
Japon,5,Shogo Taniguchi,jpn_17_shogo-taniguchi.png,jpn_15_yuki-soma.png
Japon,6,Ko Itakura,,jpn_18_tsuyosh-watanabe.png
Japon,7,Takehiro Tomisayu,,jpn.png
Japon,8,Ayumu Seko,jpn_12_ayumu-seko.png,jpn0_2.png
Japon,9,Yukinari Sugawara,,jpn0.png
Japon,10,Hiroki Ito,,
Japon,11,Junnosuke Suzuki,jpn_13_junnosuke suzuki.png,
Japon,12,Tsuyoshi Watanabe,,
Japon,13,Kaishu Sano,jpn_14_kaishu-sano.png,
Japon,14,Wataru Endo,,
Japon,15,Ao Tanaka,jpn_16_ao tanaka.png,
Japon,16,Daichi Kamada,jpn_04_daichi-kamada.png,
Japon,17,Junya Ito,jpn_07_junya-ito.png,
Japon,18,Kaito Nakamura,,
Japon,19,Daizen Maeda,,
Japon,20,Koki Ogawa,jpn_08_koki-ogawa.png,
Japon,21,Takefusa Kubo,jpn_03_takefusa-kubo.png,
Japon,22,Yuito Suzuki,,
Japon,23,Kento Shiogai,,
Japon,24,Keisuke Goto,,
Japon,25,Ritsu Doan,jpn_01_ritsu-doan.png,
Japon,26,Ayase Ueda,jpn_09_ayase-ueda.png,
Corea del Sur,1,Kim Seung-Gyu,,kor_01_hyeonwoo-jo.png
Corea del Sur,2,Song Bum Keun,,kor_02_seunggyu-kim-ee.png
Corea del Sur,3,Jo Hyeon-Woo,,kor_03_heungmin-son.png
Corea del Sur,4,Kim Moon-Hwan,,kor_04_minjae-kim.png
Corea del Sur,5,Kim Min-Jae,,kor_05_hanbeom-lee.png
Corea del Sur,6,Kim Tae-Hwan,,kor_06_taeseok-lee.png
Corea del Sur,7,Park Jin-Seob,,kor_07_myungjae-lee.png
Corea del Sur,8,Seol Young-Woo,,kor_08_jaesung-lee.png
Corea del Sur,9,Jens Castrop,kor_15_jens-castrop.png,kor_09_inbeom-hwang.png
Corea del Sur,10,Lee Ki-Hyuk,,kor_10_kangin-lee.png
Corea del Sur,11,Lee Tae-Seok,,kor_11_yumin-gho.png
Corea del Sur,12,Lee Han-Beom,,kor_12_donggyeong-lee.png
Corea del Sur,13,Cho Yumin,,kor_13_guesung cho.png
Corea del Sur,14,Kim Jin-Gyu,,kor_14_youngwoo0-seol.png
Corea del Sur,15,Bae Jun-Ho,,kor_16_seungho-paik.png
Corea del Sur,16,Paik Seung-Ho,,kor_17_hyeongyu-oh.png
Corea del Sur,17,Yang Hyun-Jun,,kor_18_heechan-hwang.png
Corea del Sur,18,Eom Ji-Sung,,kor.png
Corea del Sur,19,Lee Kang-In,,kor0.png
Corea del Sur,20,Lee Dong-Gyeong,,
Corea del Sur,21,Lee Jjae-Sung )Mainz 05),,
Corea del Sur,22,Hwang In-Beom,,
Corea del Sur,23,Hwang Hee-Chan,,
Corea del Sur,24,Song Heung-Min,,
Corea del Sur,25,Oh Hyeon-Gyu,,
Corea del Sur,26,Cho Gue-Sung,,
Arabia Saudita,1,Ahmed Alkassar,,
Arabia Saudita,2,Mohammed Alowais,,
Arabia Saudita,3,Nawaf Alaqidi,,
Arabia Saudita,4,Abdulelah Alamri,,
Arabia Saudita,5,Ali Lajami,,
Arabia Saudita,6,Ali Majrashi,,
Arabia Saudita,7,Hassan Kadish,,
Arabia Saudita,8,Hassan Altambakti,,
Arabia Saudita,9,Jehad Thikri,,
Arabia Saudita,10,Mohammed Abualshamat,,
Arabia Saudita,11,Moteb Alharbi,,
Arabia Saudita,12,Nawaf Buwashl,,
Arabia Saudita,13,Saud Abdulhamid,,
Arabia Saudita,14,Abdullah Alkhaibari,,
Arabia Saudita,15,Aiman Yahya,,
Arabia Saudita,16,Khalid Alghannam,,
Arabia Saudita,17,Mohamed Kanno,,
Arabia Saudita,18,Musab Aljuwayr,,
Arabia Saudita,19,Nasser Aldawsari,,
Arabia Saudita,20,Salem Aldawsari,,
Arabia Saudita,21,Sultan Mandash,,
Arabia Saudita,22,Ziyad Aljohani,,
Arabia Saudita,23,Alaa Al-Hejji,,
Arabia Saudita,24,Abdullah Alhamddan,,
Arabia Saudita,25,Feras Albrikan,,
Arabia Saudita,26,Saleh Alshehri,,
Marruecos,1,Yassine Bounou,mar_01_yassine-bounou.png,
Marruecos,2,Munir El Kajoui,mar_15_munir-el-kajou.png,mar_02_youssef-en-nesvri.png
Marruecos,3,Ajmed Reda Tagnaouti,,mar_08_azedine ounaho.png
Marruecos,4,Achraf Hakimi,mar_12_achraf-hakimi.png,mar_09_eliesse ben seghir.png
Marruecos,5,Nayef Aguerd,,mar_11_eliesse-ben-seghir.png
Marruecos,6,Noussair Mazraoui,mar_18_noussair mazraoui.png,mar_13_roman saiss.png
Marruecos,7,Anass Salah-Eddine,,mar_14_jawad el yamiq.png
Marruecos,8,Chadi Riad,,mar_16_navef-aguerd.png
Marruecos,9,Youssef Belammari,,mar_17_adam masina.png
Marruecos,10,Issa Diop,,mar.png
Marruecos,11,Redouane Hahlal,,mar0_2.png
Marruecos,12,Zakaria El Ouahdi,,mar0.png
Marruecos,13,Sofyan Amrabat,mar_07_sofyan amrabat.png,
Marruecos,14,Ismael Saibari,,
Marruecos,15,Neil El Aynaoui,,
Marruecos,16,Bilal El Khannouss,mar_10_bilal-el-khannouss.png,
Marruecos,17,Azzedine Ounahi,,
Marruecos,18,Bouaddi,,
Marruecos,19,Samir El Mourabet,,
Marruecos,20,Brahim Díaz,mar_05_brahim-diaz.png,
Marruecos,21,Chemsdine Talbi,,
Marruecos,22,Ayoub El Kaabi,mar_06_ayoub el kaabi.png,
Marruecos,23,Soufiane Rahimi,mar_04_soufiane rahimi.png,
Marruecos,24,Abde Ezzalzouli,mar_03_abde-ezzalzoul.png,
Marruecos,25,Ayoube Amaimouni,,
Marruecos,26,Yassine Gessime,,
Mexico,1,Raúl Rangel,,mex_01_luis malagon.png
Mexico,2,Carlos Acevedo,,mex_05_israel reves.png
Mexico,3,Guillermo Ochoa,,mex_08_diego lainez.png
Mexico,4,Israel Reyes,mex_06_israel-reyes.png,mex_09_edson-alvarez.png
Mexico,5,Jorge Sánchez,,mex_10_erick sanchez.png
Mexico,6,César Montes,mex_04_cesar-montes.png,mex_11_carlos rodriguez.png
Mexico,7,Edsol Álvarez,,mex_12_marcel ruiz.png
Mexico,8,Johan Vásquez,mex_03_johan vasquez.png,mex_15_hirving lozano.png
Mexico,9,Jesús Gallardo,mex_02_jesus gallardo.png,mex_17_alexis vega.png
Mexico,10,Mateo Chávez,,mex.png
Mexico,11,Álvaro Fidalgo,,mex0_2.png
Mexico,12,Brian Gutiérrez,,mex0.png
Mexico,13,Orbelín Pineda,mex_07_orbelin pineda.png,
Mexico,14,Erik Lira,,
Mexico,15,Luis Romo,,
Mexico,16,Obed Vargas,,
Mexico,17,Gilberto Mora,,
Mexico,18,Luis Chávez,,
Mexico,19,Roberto Alvarado,mex19-roberto alvarado.png,
Mexico,20,César Huerta,mex_18_cesar huerta.png,
Mexico,21,Guillermo Martínez,,
Mexico,22,Armando González,,
Mexico,23,Santiago Giménez,mex_14_santiago-gimenez.png,
Mexico,24,Raúl Jiménez,mex_13_raul-jimenez.png,
Mexico,25,Julián Quiñones,,
Mexico,26,Alexis Vega,mex_16_alexis-vega.png,
Paises Bajos,1,Bart Verbruggen,ned_01_bart verbruggen.png,ned_03_donvell malen.png
Paises Bajos,2,Robin Roefs,,ned_06_xavi simons.png
Paises Bajos,3,Mark Flekken,,ned_07_donvell malen.png
Paises Bajos,4,Nathan Aké,ned21-nathan ake.png,ned_08_wout weghorst.png
Paises Bajos,5,Virgil van Dijk,ned_17_virgil-van-dijk.png,ned_09_justin kluvert.png
Paises Bajos,6,Jorrel Hato,,ned_10_xavi simons.png
Paises Bajos,7,Jan Paul van Hecke,ned_16_jan-paul-van-hecke.png,ned_12_tijjani-reiunders.png
Paises Bajos,8,Denzel Dumfries,ned_15_denzel-dumfries.png,ned.png
Paises Bajos,9,Jurriën Timber,,ned0_2.png
Paises Bajos,10,Micky van de Ven,ned_18_micky-van-de-ven.png,ned0.png
Paises Bajos,11,Ryan Gravenberch,ned_11_ryan-gravenberch.png,ned19-jeremie frimpong.png
Paises Bajos,12,Frenkie de Jong,ned_14_frenkie-de-jong.png,ned20-jurrrien timber.png
Paises Bajos,13,Marten de Roon,,
Paises Bajos,14,Tijjani Reijnders,,
Paises Bajos,15,Teun Koopmeiners,ned_13_teun-koopmeiners.png,
Paises Bajos,16,Noa Lang,,
Paises Bajos,17,Mats Wieffer,,
Paises Bajos,18,Quinten Timber,,
Paises Bajos,19,Crysencio Summerville,,
Paises Bajos,20,Guus Til,,
Paises Bajos,21,Brian Brobbey,,
Paises Bajos,22,Memphis Depay,ned_02_memphis depay.png,
Paises Bajos,23,Cody Gakpo,ned22-cody gakpo.png,
Paises Bajos,24,Justin Kluivert,ned_05_justin kluivert.png,
Paises Bajos,25,Donyell Malen,,
Paises Bajos,26,Wout Weghorst,ned_04_wout weghorst.png,
Noruega,1,Orjan Haskjold Nyland,nor_01_orjan-nyland.png,
Noruega,2,Sander Tangvik,,nor_03_jorgen strang larsen.png
Noruega,3,Egil Selvik,,nor_07_aron donnum.png
Noruega,4,Kristoffer Ajer,nor_14_kristoffer-vassbakk-ajer.png,nor_08_martin odergaard.png
Noruega,5,David Moller Wolfe,,nor_09_morten-thorsby.png
Noruega,6,Leo Ostigard,,nor_12_andreas-sghjelderup.png
Noruega,7,Fredrik Bjorkan,,nor_15_leo-sstigard.png
Noruega,8,Marcus Pedersen,nor_17_marcus-holmgren-pedersen.png,nor_16_david-mooller-wolfe.png
Noruega,9,Torbjorn Heggem,nor_13_torbjorn-heggem.png,nor.png
Noruega,10,Sondre Langas,,nor0_2.png
Noruega,11,Henrik Falchener,,nor0.png
Noruega,12,Julian Ryerson,nor_18_julian-ryerson.png,
Noruega,13,Morter Thorsby,,
Noruega,14,Patrick Berg,nor_10_patrick-berg.png,
Noruega,15,Sander Berge,nor_11_sander-berge.png,
Noruega,16,Martin Odegaard,,
Noruega,17,Fredrik Aursnes,,
Noruega,18,Kristian Thorstvedt,,
Noruega,19,Thelonious Aasgaard,,
Noruega,20,Antonio Nusa,nor_05_antonio nusa.png,
Noruega,21,Andreas Schjelderup,,
Noruega,22,Oscar Bob,nor_06_oscar-bobb.png,
Noruega,23,Jens Petter Hauge,,
Noruega,24,Alexander Sorloth,nor_04_alexander sorloth.png,
Noruega,25,Erling Haaland,nor_02_erling haaland.png,
Noruega,26,Jorgen Strand Larsen,,
Nueva Zelanda,1,Max Crocombe,,
Nueva Zelanda,2,Alex Paulsen,,
Nueva Zelanda,3,Michael Woud,,
Nueva Zelanda,4,Tyler Bindon,,
Nueva Zelanda,5,Michael Boxall,,
Nueva Zelanda,6,Liberato Cacace,,
Nueva Zelanda,7,Francis De Vries,,
Nueva Zelanda,8,Callan Elliot,,
Nueva Zelanda,9,Tim Payne,,
Nueva Zelanda,10,Nando Pijnaker,,
Nueva Zelanda,11,Tommy Smith,,
Nueva Zelanda,12,Finn Surman,,
Nueva Zelanda,13,Lachlan Bayliss,,
Nueva Zelanda,14,Joe Bell,,
Nueva Zelanda,15,Alex Rufer,,
Nueva Zelanda,16,Marko Stamenić,,
Nueva Zelanda,17,Ryan Thomas,,
Nueva Zelanda,18,Kosta Barbarouses,,
Nueva Zelanda,19,Matt Garbett,,
Nueva Zelanda,20,Eli Just,,
Nueva Zelanda,21,Callum McCowatt,,
Nueva Zelanda,22,Ben Old,,
Nueva Zelanda,23,Jesse Randall,,
Nueva Zelanda,24,Sarpreet Singh,,
Nueva Zelanda,25,Ben Waine,,
Nueva Zelanda,26,Chris Wood,,
Panama,1,Orlando Mosquera,,
Panama,2,Luis Mejía,,
Panama,3,César Samudio,,
Panama,4,César Blackman,,
Panama,5,Jorge Gutiérrez,,
Panama,6,Amir Murillo,,
Panama,7,Fidel Escobar,,
Panama,8,Andrés Andrade,,
Panama,9,Edgardo Fariña,,
Panama,10,José Córdoba,,
Panama,11,Eric Davis,,
Panama,12,Jiovany Ramos,,
Panama,13,Roderick Miller,,
Panama,14,Aníbal Godoy,,
Panama,15,Adalberto Carrasquilla,,
Panama,16,Carlos Harvey,,
Panama,17,Cristian Martínez,,
Panama,18,José Luis Rodríguez,,
Panama,19,César Yanis,,
Panama,20,Yoel Bárcenas,,
Panama,21,Alberto Quintero,,
Panama,22,Azarías Londoño,,
Panama,23,Ismael Díaz,,
Panama,24,Cecilio Waterman,,
Panama,25,José Fajardo,,
Panama,26,Tomás Rodríguez,,
Paraguay,1,Orlando Gill,par_05_orlando gill.png,par_04_angel-romero.png
Paraguay,2,Roberto Fernández,,par_08_mathias-villasanti.png
Paraguay,3,Gastón Olveira,,par_12_p-foberto-fernandez.png
Paraguay,4,Juan Cáceres,par_09_juan-jose-caceres.png,par.png
Paraguay,5,Gustavo Velázquez,,par0.png
Paraguay,6,Gustavo Gómez,par_14_gustavo-gomez.png,
Paraguay,7,Junior Alonso,par_03_junior-alonso.png,
Paraguay,8,José Canale,,
Paraguay,9,Omar Alderete,par_01_omar-alderete.png,
Paraguay,10,Alessandro Maidana,,
Paraguay,11,Fabián Balbuena,par_10_fabian-balbuena.png,
Paraguay,12,Mauricio Magalhães,,
Paraguay,13,Damián Bobadilla,par_15_damian-bobadilla.png,
Paraguay,14,Braian Ojeda,,
Paraguay,15,Andrés Cubas,par_02_andres-cubas.png,
Paraguay,16,Matías Galarza,par_18_matias-galarza-fonda.png,
Paraguay,17,Alejandro Romero Gamarra,par_16_alejandro romero gamarra.png,
Paraguay,18,Gustavo Caballero,,
Paraguay,19,Ramón Sosa,par_11_ramon sosa.png,
Paraguay,20,Diego Gómez,par_13_diego-gomez.png,
Paraguay,21,Alex Arce,,
Paraguay,22,Gabriel Ávalos,,
Paraguay,23,Isidro Pitta,,
Paraguay,24,Miguel Almirón,par_06_miguel-almiron.png,
Paraguay,25,Julio Enciso,par_07_julio-enciso.png,
Paraguay,26,Antonio Sanabria,par_17_antonio-sanabria.png,
Portugal,1,Diogo Costa,por_01_diogo-costa.png,por_10_gongalo-inacio.png
Portugal,2,José Sá,por_15_jose sa.png,por_18_gongalo-ramos.png
Portugal,3,Rui Silva,,por.png
Portugal,4,Ricardo Velho,,por0_2.png
Portugal,5,Diogo Dalot,por_12_diogo dalot.png,por0.png
Portugal,6,Matheus Nunes,,
Portugal,7,Nélson Semedo,,
Portugal,8,João Cancelo,por_13_joao-cancelo.png,
Portugal,9,Nuno Mendes,por_11_nuno mendes.png,
Portugal,10,Gonçalo Inácio,,
Portugal,11,Renato Veiga,,
Portugal,12,Rúben Dias,por_14_ruben dias.png,
Portugal,13,Tomás Araújo,,
Portugal,14,Rúben Neves,por_07_ruben neves.png,
Portugal,15,Samu Costa,,
Portugal,16,João Neves,por_05_joao-neves.png,
Portugal,17,Vitinha,por_06_vitinha.png,
Portugal,18,Bruno Fernandes,por_08_bruno fernandes.png,
Portugal,19,Bernardo Silva,por_09_bernardo silva.png,
Portugal,20,João Félix,por_03_joao-felix.png,
Portugal,21,Francisco Trincão,por_04_francisco-trincao.png,
Portugal,22,Francisco Conceição,,
Portugal,23,Pedro Neto,por_17_pedro-neto.png,
Portugal,24,Rafael Leão,por_16_rafael-leao.png,
Portugal,25,Gonçalo Guedes,,
Portugal,26,Gonçalo Ramos,,
Portugal,27,Cristiano Ronaldo,por_02_cristiano ronaldo.png,
Catar,1,Mahmoud Abunada,,qat_05_sultan albrake.png
Catar,2,Meshaal Barsham,qat_10_meshaal barsham.png,qat_06_tarek salman.png
Catar,3,Salah Zakaria,,qat_07_homam ahmed.png
Catar,4,Ayoub Al Alawi,,qat_08_mohammed waad.png
Catar,5,Boualem Khoukhi,qat_01_boualem khoukhi.png,qat_11_mohammed mannai.png
Catar,6,Homam Al Amin,,qat_12_hamed fatehiç.png
Catar,7,Lucas Mendes,,qat.png
Catar,8,Issa Laye,,qat0.png
Catar,9,Pedro Miguel,qat_09_pedro miguel.png,
Catar,10,Alhashmi Alhussain,,
Catar,11,Sultan Al Brake,,
Catar,12,Assim Madibo,qat_03_assim madibo.png,
Catar,13,Abdulaziz Hatem,,
Catar,14,Ahmed Fathy,,
Catar,15,Karim Boudiaf,qat_04_karim boudiaf.png,
Catar,16,Jassim Gaber,,
Catar,17,Mohamed Manai,,
Catar,18,Ahmed Al Janhi,,
Catar,19,Ahmed Alaa,,
Catar,20,Akram Afif,qat_14_akram-hassan-afif.png,
Catar,21,Almoez Ali,qat_02_almoez-ali.png,
Catar,22,Edmilson Junior,qat_13_edmilson-junior.png,
Catar,23,Hassan Al Haydos,,
Catar,24,Mohammed Muntari,,
Catar,25,Tahsin Mohammed,,
Catar,26,Yusuf Abdurisag,,
Sudafrica,1,Ronwen Williams,rsa_14_ronwen-williams-a.png,rsa_02_samukele-kabini.png
Sudafrica,2,Ricardo Goss,,rsa_06_bathusi-aubaas.png
Sudafrica,3,Sipho Chaine,rsa_01_sipho chaine.png,rsa_07_ioraam-rayners.png
Sudafrica,4,Khuliso Mudau,rsa_03_khuliso-mudau.png,rsa_10_sipho-mbule.png
Sudafrica,5,Nkosinathi Sibisi,,rsa_11_mohau-nkota.png
Sudafrica,6,Ime Okon,,rsa_15_yaya-sithole.png
Sudafrica,7,Khulumani Ndamane,rsa_16_khulumani-ndamane.png,rsa_17_sipho-sibisi.png
Sudafrica,8,Aubrey Modiba,rsa_12_aubrey modiba.png,rsa_18_siyabonga-ngezana.png
Sudafrica,9,Samukelo Kabini,,rsa.png
Sudafrica,10,Thabang Matuludi,,rsa0.png
Sudafrica,11,Olwethu Makhanya,,rsa19-yaya sithole.png
Sudafrica,12,Kamogelo Sebelebele,,rsa20-khulumani ndamane.png
Sudafrica,13,Bradley Cross,,rsa21-sipho sibisi.png
Sudafrica,14,Mbekezeli Mbokazi,rsa_13_mbekezeli-mbokazi.png,rsa22-siyabonga ngezana.png
Sudafrica,15,Teboho Mokoena,rsa_04_teboho-mokoena.png,
Sudafrica,16,Thalente Mbatha,rsa_05_thalente-mbatha.png,
Sudafrica,17,Sphephelo Sithole,,
Sudafrica,18,Jayden Adams,,
Sudafrica,19,Oswin Appollis,rsa_08_oswin-appollis.png,
Sudafrica,20,Iqraam Rayners,,
Sudafrica,21,Tshepang Moremi,,
Sudafrica,22,Relebohile Mofokeng,,
Sudafrica,23,Evidence Makgopa,,
Sudafrica,24,Themba Zwane,,
Sudafrica,25,Lyle Foster,rsa_09_lyle-foster.png,
Sudafrica,26,Thapelo Maseko,,
Escocia,1,Craig Gordon,,sco_15_billy-gilmour.png
Escocia,2,Angus Gunn,sco_02_angus-gunn.png,sco_18_andrew-robertson.png
Escocia,3,Liam Kelly,,sco.png
Escocia,4,Grant Hanley,sco_08_grant hanley.png,sco0.png
Escocia,5,Jack Hendry,sco_11_jack-hendry.png,
Escocia,6,Aaron Hickey,sco_17_aaron-hickey.png,
Escocia,7,Dom Hyam,,
Escocia,8,Scott McKenna,sco_01_scott-mckenna.png,
Escocia,9,Nathan Patterson,,
Escocia,10,Anthony Ralston,sco_07_anthony ralston.png,
Escocia,11,Andy Robertson,,
Escocia,12,John Souttar,sco_04_john-souttar.png,
Escocia,13,Kieran Tierney,sco_16_kieran-tierney.png,
Escocia,14,Ryan Christie,sco_09_ryan christie.png,
Escocia,15,Findlay Curtis,,
Escocia,16,Lewis Ferguson,sco_06_lewis-ferguson.png,
Escocia,17,Ben Gannon-Doak,sco_14_ben-gannon-doak.png,
Escocia,18,Tyler Fletcher,,
Escocia,19,John McGinn,sco_03_john-mcginn.png,
Escocia,20,Kenny McLean,sco_10_kenny mclean.png,
Escocia,21,Scott McTominay,sco_12_scott mctominay.png,
Escocia,22,Ché Adams,sco_13_che-adams.png,
Escocia,23,Lyndon Dykes,sco_05_lyndon dykes.png,
Escocia,24,George Hirst,,
Escocia,25,Lawrence Shankland,,
Escocia,26,Ross Stewart,,
Senegal,1,Edouard Mendy,sen_01_edouard-mendy.png,sen_03_mgnesa maraate.png
Senegal,2,Mory Diaw,,sen_04_artaulate gecx.png
Senegal,3,Yehvann Diouf,sen_02_yehvann-diouf.png,sen_05_ishal jagoos.png
Senegal,4,Krépin Diatta,sen_18_krepin-diatta.png,sen_06_el-halei-maluck-dioup.png
Senegal,5,Antoine Mendy,,sen_07_malarei koulibaly.png
Senegal,6,Kalidou Koulibaly,,sen_08_ineress nena oueve.png
Senegal,7,El Hadji Malick Diouf,,sen_09_paprpapet sarin.png
Senegal,8,Mamadou Sarr,,sen_10_papl-oueve.png
Senegal,9,Moussa Niakhaté,,sen_11_hger diarra .png
Senegal,10,Moustapha Mbow,,sen_14_omala-sarr.png
Senegal,11,Abdoulaye Seck,,sen_15_kaolam jna.png
Senegal,12,Ismaïl Jakobs,,sen_16_hourue.png
Senegal,13,Ilay Camara,,sen_17_w-eliis-jarrson.png
Senegal,14,Idrissa Gana Gueye,,sen.png
Senegal,15,Pape Gueye,,sen0_2.png
Senegal,16,Lamine Camara,sen_12_lamine-camara.png,sen0.png
Senegal,17,Habib Diarra,,
Senegal,18,Pathé Ciss,,
Senegal,19,Pape Matar Sarr,,
Senegal,20,Bara Sapoko Ndiaye,,
Senegal,21,Sadio Mané,sen_13_sadio-mane-se.png,
Senegal,22,Ismaïla Sarr,,
Senegal,23,Iliman Ndiaye,,
Senegal,24,Assane Diao,,
Senegal,25,Ibrahim Mbaye,,
Senegal,26,Nicolas Jackson,,
Senegal,27,Bamba Dieng,,
Senegal,28,Cherif Ndiaye,,
Suiza,1,Marvin Keller,,sui_02_aicardo-rodriguez.png
Suiza,2,Gregor Kobel,sui_01_gregor-kobel.png,sui_07_aurele-ame-nde.png
Suiza,3,Yvon Mvogo,sui_17_yvon-mvogo.png,sui_09_denis-zakaria.png
Suiza,4,Manuel Akanji,sui_03_manuel-akanji.png,sui_13_johan-manzambi.png
Suiza,5,Aurèle Amenda,sui_06_aurele-amenda.png,sui_14_zek-amdouni.png
Suiza,6,Eray Cömert,,sui_16_ruben-vargas.png
Suiza,7,Nico Elvedi,sui_05_nico-elvedi.png,sui-02-breel embolo.png
Suiza,8,Luca Jaquez,,sui.png
Suiza,9,Miro Muheim,,sui0.png
Suiza,10,Ricardo Rodriguez,,
Suiza,11,Silvan Widmer,,
Suiza,12,Gran Xhaka,,
Suiza,13,Denis Zakaria,sui_08_denis-zakaria.png,
Suiza,14,Michel Aebischer,,
Suiza,15,Christian Fassnacht,,
Suiza,16,Remo Freuler,sui_10_remo-freuler.png,
Suiza,17,Ardon Jashari,sui_12_ardon-jashari.png,
Suiza,18,Johan Manzambi,sui_11_johan-manzambi.png,
Suiza,19,Fabian Rieder,,
Suiza,20,Djibril Sow,,
Suiza,21,Zeki Amdouni,,
Suiza,22,Breel Embolo,sui_15_breel-embolo.png,
Suiza,23,Cedric Itten,,
Suiza,24,Dan Ndoye,,
Suiza,25,Noah Okafor,,
Suiza,26,Ruben Vargas,sui_04_ruben-vargas.png,
Suecia,1,Jacob Zetterström,,swe_01_lucas-bergvall.png
Suecia,2,Viktor Johansson,swe_09_viktor-johansson.png,swe_03_gabriel-gudmundsson.png
Suecia,3,Kristoffer Nordfeldt,,swe_05_hugo-larsson.png
Suecia,4,Gustav Lagerbielke,,swe_06_jesper-karlstrom.png
Suecia,5,Viktor Lindelöf,,swe_07_00ny-b-gh.png
Suecia,6,Isak Hien,,swe_10_victor-nilsson-lindelof.png
Suecia,7,Gabriel Gudmundsson,swe_02_gabriel-gudmundsson.png,swe_11_yasin-avari.png
Suecia,8,Herman Johansson,,swe_13_cg-bl.png
Suecia,9,Daniel Svensson,swe_08_daniel-svensson.png,swe_14_emil-holm.png
Suecia,10,Hjalmar Ekdal,,swe_15_dejan-kulusevski.png
Suecia,11,Carl Starfelt,,swe_17_gustaf-lagerbielke.png
Suecia,12,Eric Smith,,swe.png
Suecia,13,Elliot Stroud,,swe0.png
Suecia,14,Lucas Begvall,,
Suecia,15,Ken Sema,,
Suecia,16,Jesper Kalström,,
Suecia,17,Yasin Ayari,,
Suecia,18,Mattias Svanberg,swe_16_mattias-svanberg.png,
Suecia,19,Besfort Zeneli,,
Suecia,20,Alexander Isak,swe_12_alexander-isak.png,
Suecia,21,Viktor Gyökeres,swe_18_viktor-gyokeres.png,
Suecia,22,Benjamin Nygren,,
Suecia,23,Anthony Elanga,swe_04_anthony-elanga.png,
Suecia,24,Alexander Bernhardsson,,
Suecia,25,Gustaf Nilsson,,
Suecia,26,Taha Ali,,
Tunez,1,Aymen Dahmen,,
Tunez,2,A. Chamakh,,
Tunez,3,Sabri Ben Hassen,,
Tunez,4,Van Valery,,
Tunez,5,Moutaz Neffati,,
Tunez,6,Dylan Bronn,,
Tunez,7,Montassar Talbi,,
Tunez,8,Omar Rekik,,
Tunez,9,Adem Arous,,
Tunez,10,Raed Chikhaoui,,
Tunez,11,Ali Abdi,,
Tunez,12,M.A Ben Hmida,,
Tunez,13,Ellyes Skhiri,,
Tunez,14,M. Hadj Mahmoud,,
Tunez,15,Rani Khedira,,
Tunez,16,Anis Ben Slimane,,
Tunez,17,Mortadha Ben Ouanes,,
Tunez,18,Ismaël Gharbi,,
Tunez,19,Hannibal Mejbri,,
Tunez,20,Khalil Ayari,,
Tunez,21,Elias Achouri,,
Tunez,22,Elias Saad,,
Tunez,23,Firas Chaouat,,
Tunez,24,Hazem Mastouri,,
Tunez,25,Rayan Elloumi,,
Tunez,26,Sebastian Tounekti,,
Turquia,1,Bayindir,,
Turquia,2,Cakir,tur_01_ugurcan-cakir.png,tur_02_iafan-can-kahveci.png
Turquia,3,Gunok,,tur_09_ms-cc.png
Turquia,4,Kadioglu,tur_07_ferdi-kadioglu.png,tur_11_baris-alper-vilmaz.png
Turquia,5,Demiral,tur_06_merih-demiral.png,tur.png
Turquia,6,Celik,tur_03_zeki-celik.png,tur0.png
Turquia,7,Ozan Kabak,,
Turquia,8,Mert Muldur,,
Turquia,9,Abdulkerim Bardakci,tur_04_abdulkerim-bardakci.png,
Turquia,10,Eren Elmali,,
Turquia,11,Caglar Soyuncu,tur_05_caglar-soyuncu.png,
Turquia,12,Samet Akaydin,,
Turquia,13,Arda Guler,tur_12_arda-guler.png,
Turquia,14,Can Uzun,tur_15_can-uzun.png,
Turquia,15,Orkun Kokcu,,
Turquia,16,Hakan Calhanoglu,tur_10_hakan-calhanoglu.png,
Turquia,17,Ismail Yuksek,,
Turquia,18,Kaan Ayhan,tur_08_kaan-ayhan.png,
Turquia,19,Salih Ozcan,,
Turquia,20,Kenan Yildiz,,
Turquia,21,Baris Yilmaz,tur_16_baris-alper-yilmaz.png,
Turquia,22,Kerem Akturkoglu,tur_17_kerem-akturkoglu.png,
Turquia,23,Yunus Akgun,tur_14_yunus-akgun.png,
Turquia,24,Oguz Aydin,,
Turquia,25,Deniz Gul,,
Turquia,26,Irfan Can Kahveci,tur_13_irfan-can-kahveci.png,
Uruguay,1,Sergio Rochet,uru_01_sergio-rochet.png,uru_02_darwin-nunez.png
Uruguay,2,Fernando Muslera,,uru_07_maxi araujo.png
Uruguay,3,Santiago Mele,uru_18_santiago-mele.png,uru_08_nicolas-de-la-gruz.png
Uruguay,4,Guillermo Varela,uru_15_guillermo-varela.png,uru_14_nahitan-nandez.png
Uruguay,5,Ronald Araújo,uru_13_ronald-araujo.png,uru.png
Uruguay,6,José María Giménez,uru_17_jose-maria-gimenez.png,uru0_2.png
Uruguay,7,Santiago Bueno,,uru0.png
Uruguay,8,Sebastián Cáceres,uru_12_sebastian-caceres.png,
Uruguay,9,Mathías Olivera,uru_16_mathias olivera.png,
Uruguay,10,Joaquín Piquerez,,
Uruguay,11,Matías Viña,,
Uruguay,12,Manuel Ugarte,uru_10_manuel-ugarte.png,
Uruguay,13,Emiliano Martínez,,
Uruguay,14,Rodrigo Bentancur,uru_09_rodrigo-bentancur.png,
Uruguay,15,Federico Valverde,uru_11_federico-valverde.png,
Uruguay,16,Agustín Canobbio,,
Uruguay,17,Juan Manuel Sanabria,,
Uruguay,18,Giorgian De Arrascaeta,uru_06_giorgian-de-arrascaeta.png,
Uruguay,19,Nicolás de la Cruz,,
Uruguay,20,Rodrigo Zalazar,,
Uruguay,21,Facundo Pellistri,uru_04_facundo-pellistri.png,
Uruguay,22,Maximiliano Araújo,,
Uruguay,23,Brian Rodríguez,,
Uruguay,24,Rodrigo Aguirre,uru_03_rodrigo aguirre.png,
Uruguay,25,Federico Viñas,uru_05_federico-vinas.png,
Uruguay,26,Darwin Núñez,uru-11-darwin nunez.jpg,
Estados Unidos,1,Matt Freese,usa19-matt freese.png,usa_03_diego-luna.png
Estados Unidos,2,Matt Turner,,usa_10_timothy-weah.png
Estados Unidos,3,Chris Brady,,usa_11_tanner-tessmann.png
Estados Unidos,4,Max Arfsten,,usa_12_antonee-robinson.png
Estados Unidos,5,Sergiño Dest,,usa_13_alex-freeman.png
Estados Unidos,6,Alex Freeman,usa_09_alex-freeman.png,usa_14_timothy-weah.png
Estados Unidos,7,Mark McKenzie,usa_17_mark-mckenzie.png,usa_15_tanner-tessmann.png
Estados Unidos,8,Tim Ream,usa22-tim ream.png,usa.png
Estados Unidos,9,Chris Richards,usa_06_chris-richards.png,usa0.png
Estados Unidos,10,Antonee Robinson,usa_08_antonee-robinson.png,
Estados Unidos,11,Miles Robinson,,
Estados Unidos,12,Joe Scally,,
Estados Unidos,13,Auston Trusty,,
Estados Unidos,14,Tyler Adams,usa_18_tyler-adams.png,
Estados Unidos,15,Sebastian Berhalter,,
Estados Unidos,16,Weston McKennie,usa_01_weston-mckennie.png,
Estados Unidos,17,Cristian Roldán,usa_04_cristian roldan.png,
Estados Unidos,18,Brenden Aaronson,usa_07_brenden-aaronson.png,
Estados Unidos,19,Christian Pulisic,usa_05_christian-pulisic.png,
Estados Unidos,20,Gio Reyna,,
Estados Unidos,21,Malik Tillman,usa20-malik tillman.png,
Estados Unidos,22,Tim Weah,,
Estados Unidos,23,Alejandro Zendejas,,
Estados Unidos,24,Folarin Balogun,usa_02_folarin-balogun.png,
Estados Unidos,25,Ricardo Pepi,usa_16_ricardo-pepi.png,
Estados Unidos,26,Haji Wright,usa21-haji wright.png,
Uzbekistan,1,O’tkir Yusupov,,
Uzbekistan,2,Botirali Ergashev,,
Uzbekistan,3,Abduvohid Ne’matov,,
Uzbekistan,4,Abdukodir Khusanov,,
Uzbekistan,5,Alijonov,,
Uzbekistan,6,Farrukh Sayfiev,,
Uzbekistan,7,Rustam Ashurmatov,,
Uzbekistan,8,Sherzod Nasrullaev,,
Uzbekistan,9,Umar Eshmurodov,,
Uzbekistan,10,Avazbek O’Imasaliev,,
Uzbekistan,11,Jahongir Orozov,,
Uzbekistan,12,Behruzjon Karimoov,,
Uzbekistan,13,Abdulla Abdullaev,,
Uzbekistan,14,Akmal Mozgovoy,,
Uzbekistan,15,Otabek Shukurov,,
Uzbekistan,16,Jamshid Iskanderov,,
Uzbekistan,17,Odil Hamrobekov,,
Uzbekistan,18,Jaloliddin Masharipov,,
Uzbekistan,19,Aziz Ganiev,,
Uzbekistan,20,Sherzod Esanov,,
Uzbekistan,21,Abbosbek Fayzullaev,,
Uzbekistan,22,Eldor Shomurodov,,
Uzbekistan,23,Igor Sergeev,,
Uzbekistan,24,Azizbek Amonov,,
Uzbekistan,25,Oston Urunov,,
Uzbekistan,26,Doston Khamdamov,,
